Facility Address,CITY,ZIP,County,License Category,Status,Status Date,Facility,Report
726 FOURTH ST,MARYSVILLE,95901,YUBA,GENERAL ACUTE CARE HOSPITAL,OPEN,5-Jun-46,ADVENTIST HEALTH AND RIDEOUT #580996,Emergency Department
2615 CHESTER AVENUE,BAKERSFIELD,93301,KERN,GENERAL ACUTE CARE HOSPITAL,OPEN,1-May-73,ADVENTIST HEALTH BAKERSFIELD #150788,Emergency Department
15630 18TH AVE,CLEARLAKE,95422,LAKE,GENERAL ACUTE CARE HOSPITAL,OPEN,18-Apr-68,ADVENTIST HEALTH CLEARLAKE #171049,Emergency Department
1401 GARCES HIGHWAY,DELANO,93215,KERN,GENERAL ACUTE CARE HOSPITAL,OPEN,1-Jan-74,ADVENTIST HEALTH DELANO #150706,Emergency Department
1509 WILSON TERRACE,GLENDALE,91206,LOS ANGELES,GENERAL ACUTE CARE HOSPITAL,OPEN,1-Jan-46,ADVENTIST HEALTH GLENDALE #190323,Emergency Department
115 MALL DRIVE,HANFORD,93230,KINGS,GENERAL ACUTE CARE HOSPITAL,OPEN,5-Dec-10,ADVENTIST HEALTH HANFORD #164029,Emergency Department
1 MARCELA DRIVE,WILLITS,95490,MENDOCINO,GENERAL ACUTE CARE HOSPITAL,OPEN,1-Nov-15,ADVENTIST HEALTH HOWARD MEMORIAL #234038,Emergency Department
975 SOUTH FAIRMONT AVENUE,LODI,95240,SAN JOAQUIN,GENERAL ACUTE CARE HOSPITAL,OPEN,2-Apr-52,ADVENTIST HEALTH LODI MEMORIAL #390923,Emergency Department
700 RIVER DRIVE,FORT BRAGG,95437,MENDOCINO,GENERAL ACUTE CARE HOSPITAL,OPEN,1-Jul-71,ADVENTIST HEALTH MENDOCINO COAST #231013,Emergency Department
372 WEST CYPRESS AVENUE,REEDLEY,93654,FRESNO,GENERAL ACUTE CARE HOSPITAL,OPEN,14-Apr-65,ADVENTIST HEALTH REEDLEY #100797,Emergency Department
1010 MURRAY AVE,SAN LUIS OBISPO,93405,SAN LUIS OBISPO,GENERAL ACUTE CARE HOSPITAL,OPEN,7-Dec-59,ADVENTIST HEALTH SIERRA VISTA #400524,Emergency Department
2975 SYCAMORE DRIVE,SIMI VALLEY,93065,VENTURA,GENERAL ACUTE CARE HOSPITAL,OPEN,29-Jul-65,ADVENTIST HEALTH SIMI VALLEY #560525,Emergency Department
1000 GREENLEY RD,SONORA,95370,TUOLUMNE,GENERAL ACUTE CARE HOSPITAL,OPEN,14-Jan-04,ADVENTIST HEALTH SONORA - GREENLEY #554011,Emergency Department
10 WOODLAND RD.,ST. HELENA,94574,NAPA,GENERAL ACUTE CARE HOSPITAL,OPEN,1-Jan-46,ADVENTIST HEALTH ST. HELENA #281078,Emergency Department
1100 MAGELLAN DRIVE,TEHACHAPI,93561,KERN,GENERAL ACUTE CARE HOSPITAL,OPEN,1-Nov-18,ADVENTIST HEALTH TEHACHAPI VALLEY #154168,Emergency Department
869 NORTH CHERRY STREET,TULARE,93274,TULARE,GENERAL ACUTE CARE HOSPITAL,OPEN,2-Nov-18,ADVENTIST HEALTH TULARE #540816,Emergency Department
1100 LAS TABLAS ROAD,TEMPLETON,93465,SAN LUIS OBISPO,GENERAL ACUTE CARE HOSPITAL,OPEN,7-Feb-77,ADVENTIST HEALTH TWIN CITIES #400548,Emergency Department
275 HOSPITAL DRIVE,UKIAH,95482,MENDOCINO,GENERAL ACUTE CARE HOSPITAL,OPEN,3-Mar-80,ADVENTIST HEALTH UKIAH VALLEY #231396,Emergency Department
1720 E. CESAR E. CHAVEZ AVENUE,LOS ANGELES,90033,LOS ANGELES,GENERAL ACUTE CARE HOSPITAL,OPEN,1-Jan-46,ADVENTIST HEALTH WHITE MEMORIAL #190878,Emergency Department
309 WEST BEVERLY BOULEVARD,MONTEBELLO,90640,LOS ANGELES,GENERAL ACUTE CARE HOSPITAL,OPEN,6-Sep-23,ADVENTIST HEALTH WHITE MEMORIAL MONTEBELLO #190081,Emergency Department
1111 WEST LA PALMA AVENUE,ANAHEIM,92801,ORANGE,GENERAL ACUTE CARE HOSPITAL,OPEN,18-Feb-58,AHMC ANAHEIM REGIONAL MEDICAL CENTER #301098,Emergency Department
1900 SULLIVAN AVENUE,DALY CITY,94015,SAN MATEO,GENERAL ACUTE CARE HOSPITAL,OPEN,12-Dec-65,AHMC SETON MEDICAL CENTER #410817,Emergency Department
2070 CLINTON AVE,ALAMEDA,94501,ALAMEDA,GENERAL ACUTE CARE HOSPITAL,OPEN,1-Jan-46,ALAMEDA HOSPITAL #010735,Emergency Department
100 SOUTH RAYMOND AVENUE,ALHAMBRA,91801,LOS ANGELES,GENERAL ACUTE CARE HOSPITAL,OPEN,1-Jan-46,ALHAMBRA HOSPITAL MEDICAL CENTER #190017,Emergency Department
350 HAWTHORNE AVENUE,OAKLAND,94609,ALAMEDA,GENERAL ACUTE CARE HOSPITAL,OPEN,1-Jan-46,ALTA BATES SUMMIT MEDICAL CENTER #010937,Emergency Department
2450 ASHBY AVENUE,BERKELEY,94705,ALAMEDA,GENERAL ACUTE CARE HOSPITAL,OPEN,2-Jan-46,ALTA BATES SUMMIT MEDICAL CENTER-ALTA BATES CAMPUS #010739,Emergency Department
1025 SOUTH ANAHEIM BLVD.,ANAHEIM,92805,ORANGE,GENERAL ACUTE CARE HOSPITAL,OPEN,29-Dec-72,ANAHEIM GLOBAL MEDICAL CENTER #301188,Emergency Department
1600 WEST AVENUE J,LANCASTER,93534,LOS ANGELES,GENERAL ACUTE CARE HOSPITAL,OPEN,27-Sep-55,ANTELOPE VALLEY MEDICAL CENTER #190034,Emergency Department
400 N. PEPPER AVENUE,COLTON,92324,SAN BERNARDINO,GENERAL ACUTE CARE HOSPITAL,OPEN,30-Mar-99,ARROWHEAD REGIONAL MEDICAL CENTER #364231,Emergency Department
420 34TH STREET,BAKERSFIELD,93301,KERN,GENERAL ACUTE CARE HOSPITAL,OPEN,27-Sep-56,BAKERSFIELD MEMORIAL HOSPITAL #150722,Emergency Department
1800 SPRING RIDGE DRIVE,SUSANVILLE,96130,LASSEN,GENERAL ACUTE CARE HOSPITAL,OPEN,23-Apr-03,BANNER LASSEN MEDICAL CENTER #184008,Emergency Department
820 EAST MOUNTAIN VIEW ST,BARSTOW,92311,SAN BERNARDINO,GENERAL ACUTE CARE HOSPITAL,OPEN,13-Oct-12,BARSTOW COMMUNITY HOSPITAL #364430,Emergency Department
2170 SOUTH AVENUE,SOUTH LAKE TAHOE,96150,EL DORADO,GENERAL ACUTE CARE HOSPITAL,OPEN,21-Nov-63,BARTON MEMORIAL HOSPITAL #090793,Emergency Department
41870 GARSTIN DRIVE,BIG BEAR LAKE,92315,SAN BERNARDINO,GENERAL ACUTE CARE HOSPITAL,OPEN,5-Jul-74,BEAR VALLEY COMMUNITY HOSPITAL #361110,Emergency Department
1401 SOUTH GRAND AVENUE,LOS ANGELES,90015,LOS ANGELES,GENERAL ACUTE CARE HOSPITAL,OPEN,1-Jan-46,CALIFORNIA HOSPITAL MEDICAL CENTER - LOS ANGELES #190125,Emergency Department
601 DUBOCE AVENUE,SAN FRANCISCO,94117,SAN FRANCISCO,GENERAL ACUTE CARE HOSPITAL,OPEN,1-Jan-46,CALIFORNIA PACIFIC MEDICAL CENTER - DAVIES CAMPUS HOSPITAL #380933,Emergency Department
3555 CESAR CHAVEZ STREET,SAN FRANCISCO,94110,SAN FRANCISCO,GENERAL ACUTE CARE HOSPITAL,OPEN,17-Aug-18,CALIFORNIA PACIFIC MEDICAL CENTER - MISSION BERNAL CAMPUS #384202,Emergency Department
1101 VAN NESS AVENUE,SAN FRANCISCO,94109,SAN FRANCISCO,GENERAL ACUTE CARE HOSPITAL,OPEN,2-Mar-19,CALIFORNIA PACIFIC MEDICAL CENTER - VAN NESS CAMPUS #384176,Emergency Department
4650 LINCOLN BOULEVARD,MARINA DEL REY,90292,LOS ANGELES,GENERAL ACUTE CARE HOSPITAL,OPEN,17-Apr-70,CEDARS-SINAI MARINA HOSPITAL #190500,Emergency Department
8700 BEVERLY BOULEVARD,LOS ANGELES,90048,LOS ANGELES,GENERAL ACUTE CARE HOSPITAL,OPEN,15-Aug-55,CEDARS-SINAI MEDICAL CENTER #190555,Emergency Department
555 EAST HARDY STREET,INGLEWOOD,90301,LOS ANGELES,GENERAL ACUTE CARE HOSPITAL,OPEN,1-Jan-46,CENTINELA HOSPITAL MEDICAL CENTER #190148,Emergency Department
2601 EAST CHAPMAN AVENUE,ORANGE,92869,ORANGE,GENERAL ACUTE CARE HOSPITAL,OPEN,3-Dec-68,CHAPMAN GLOBAL MEDICAL CENTER #301140,Emergency Department
"27700 MEDICAL CTR. RD., 5TH FL",MISSION VIEJO,92691,ORANGE,GENERAL ACUTE CARE HOSPITAL,OPEN,1-Jan-93,CHILDREN'S HOSPITAL AT MISSION #304113,Emergency Department
4650 W. SUNSET BOULEVARD,LOS ANGELES,90027,LOS ANGELES,GENERAL ACUTE CARE HOSPITAL,OPEN,1-Jan-46,CHILDREN'S HOSPITAL OF LOS ANGELES #190170,Emergency Department
1201 WEST LA VETA AVENUE,ORANGE,92868,ORANGE,GENERAL ACUTE CARE HOSPITAL,OPEN,30-Jun-78,CHILDREN'S HOSPITAL OF ORANGE COUNTY #300032,Emergency Department
845 JACKSON STREET,SAN FRANCISCO,94133,SAN FRANCISCO,GENERAL ACUTE CARE HOSPITAL,OPEN,1-Jan-46,CHINESE HOSPITAL #382715,Emergency Department
5451 WALNUT AVENUE,CHINO,91710,SAN BERNARDINO,GENERAL ACUTE CARE HOSPITAL,OPEN,1-Oct-72,CHINO VALLEY MEDICAL CENTER #361144,Emergency Department
2755 HERNDON AVENUE,CLOVIS,93611,FRESNO,GENERAL ACUTE CARE HOSPITAL,OPEN,15-Dec-88,CLOVIS COMMUNITY MEDICAL CENTER #100005,Emergency Department
13100 STUDEBAKER ROAD,NORWALK,90650,LOS ANGELES,GENERAL ACUTE CARE HOSPITAL,OPEN,10-Apr-58,COAST PLAZA HOSPITAL #190766,Emergency Department
2776 PACIFIC AVENUE,LONG BEACH,90806,LOS ANGELES,GENERAL ACUTE CARE HOSPITAL,OPEN,13-Jun-56,COLLEGE MEDICAL CENTER #190587,Emergency Department
1401 BAILEY AVENUE,NEEDLES,92363,SAN BERNARDINO,GENERAL ACUTE CARE HOSPITAL,OPEN,11-Aug-52,COLORADO RIVER MEDICAL CENTER #361458,Emergency Department
199 E WEBSTER STREET,COLUSA,95932,COLUSA,GENERAL ACUTE CARE HOSPITAL,OPEN,1-Jul-53,COLUSA MEDICAL CENTER #060870,Emergency Department
2623 EAST SLAUSON AVENUE,HUNTINGTON PARK,90255,LOS ANGELES,GENERAL ACUTE CARE HOSPITAL,OPEN,31-Dec-57,COMMUNITY HOSPITAL OF HUNTINGTON PARK  #190197,Emergency Department
1805 MEDICAL CENTER DRIVE,SAN BERNARDINO,92411,SAN BERNARDINO,GENERAL ACUTE CARE HOSPITAL,OPEN,21-Apr-58,COMMUNITY HOSPITAL OF SAN BERNARDINO #361323,Emergency Department
23625 W. R. HOLMAN HIGHWAY,MONTEREY,93940,MONTEREY,GENERAL ACUTE CARE HOSPITAL,OPEN,19-Jun-62,COMMUNITY HOSPITAL OF THE MONTEREY PENINSULA #270744,Emergency Department
1306 MARICOPA HIGHWAY,OJAI,93023,VENTURA,GENERAL ACUTE CARE HOSPITAL,OPEN,5-May-60,COMMUNITY MEMORIAL HOSPITAL - OJAI #560501,Emergency Department
147 N. BRENT STREET,VENTURA,93003,VENTURA,GENERAL ACUTE CARE HOSPITAL,OPEN,1-Jan-46,COMMUNITY MEMORIAL HOSPITAL-SAN BUENAVENTURA #560473,Emergency Department
2823 FRESNO STREET,FRESNO,93721,FRESNO,GENERAL ACUTE CARE HOSPITAL,OPEN,1-Jan-46,COMMUNITY REGIONAL MEDICAL CENTER-FRESNO #100717,Emergency Department
2500 ALHAMBRA AVENUE,MARTINEZ,94553,CONTRA COSTA,GENERAL ACUTE CARE HOSPITAL,OPEN,2-Jul-53,CONTRA COSTA REGIONAL MEDICAL CENTER #070924,Emergency Department
800 SOUTH MAIN STREET,CORONA,92882,RIVERSIDE,GENERAL ACUTE CARE HOSPITAL,OPEN,31-Mar-65,CORONA REGIONAL MEDICAL CENTER-MAIN #331152,Emergency Department
525 WEST ACACIA ST,STOCKTON,95203,SAN JOAQUIN,GENERAL ACUTE CARE HOSPITAL,OPEN,1-Jan-46,DAMERON HOSPITAL #390846,Emergency Department
1150 NORTH INDIAN CANYON DRIVE,PALM SPRINGS,92262,RIVERSIDE,GENERAL ACUTE CARE HOSPITAL,OPEN,20-Sep-51,DESERT REGIONAL MEDICAL CENTER #331164,Emergency Department
16850 BEAR VALLEY ROAD,VICTORVILLE,92395,SAN BERNARDINO,GENERAL ACUTE CARE HOSPITAL,OPEN,31-Aug-94,DESERT VALLEY HOSPITAL #364144,Emergency Department
1205 EAST NORTH STREET,MANTECA,95336,SAN JOAQUIN,GENERAL ACUTE CARE HOSPITAL,OPEN,26-Feb-62,DOCTORS HOSPITAL OF MANTECA #392287,Emergency Department
3865 JACKSON STREET,RIVERSIDE,92503,RIVERSIDE,GENERAL ACUTE CARE HOSPITAL,OPEN,24-Oct-58,DOCTORS HOSPITAL OF RIVERSIDE #331293,Emergency Department
1441 FLORIDA AVENUE,MODESTO,95350,STANISLAUS,GENERAL ACUTE CARE HOSPITAL,OPEN,11-Jul-62,DOCTORS MEDICAL CENTER #500852,Emergency Department
1555 SOQUEL DRIVE,SANTA CRUZ,95065,SANTA CRUZ,GENERAL ACUTE CARE HOSPITAL,OPEN,26-Dec-67,DOMINICAN HOSPITAL #440755,Emergency Department
4060 WHITTIER BOULEVARD,LOS ANGELES,90023,LOS ANGELES,GENERAL ACUTE CARE HOSPITAL,OPEN,15-Aug-49,EAST LOS ANGELES DOCTORS HOSPITAL #190256,Emergency Department
500 1ST AVE,PORTOLA,96122,PLUMAS,GENERAL ACUTE CARE HOSPITAL,OPEN,16-Aug-71,EASTERN PLUMAS HOSPITAL-PORTOLA CAMPUS #320859,Emergency Department
39000 BOB HOPE DRIVE,RANCHO MIRAGE,92270,RIVERSIDE,GENERAL ACUTE CARE HOSPITAL,OPEN,27-Dec-71,EISENHOWER MEDICAL CENTER #331168,Emergency Department
2500 GRANT ROAD,MOUNTAIN VIEW,94040,SANTA CLARA,GENERAL ACUTE CARE HOSPITAL,OPEN,18-Aug-61,EL CAMINO HEALTH #430763,Emergency Department
1415 ROSS AVENUE,EL CENTRO,92243,IMPERIAL,GENERAL ACUTE CARE HOSPITAL,OPEN,21-Jan-67,EL CENTRO REGIONAL MEDICAL CENTER #130699,Emergency Department
250 SOUTH GRAND AVENUE,GLENDORA,91741,LOS ANGELES,GENERAL ACUTE CARE HOSPITAL,OPEN,26-Mar-73,EMANATE HEALTH FOOTHILL PRESBYTERIAN HOSPITAL #190298,Emergency Department
210 W. SAN BERNARDINO ROAD,COVINA,91723,LOS ANGELES,GENERAL ACUTE CARE HOSPITAL,OPEN,28-Mar-46,EMANATE HEALTH INTER-COMMUNITY HOSPITAL #190413,Emergency Department
1115 SOUTH SUNSET AVENUE,WEST COVINA,91790,LOS ANGELES,GENERAL ACUTE CARE HOSPITAL,OPEN,16-Dec-62,EMANATE HEALTH QUEEN OF THE VALLEY HOSPITAL #190636,Emergency Department
825 DELBON AVENUE,TURLOCK,95382,STANISLAUS,GENERAL ACUTE CARE HOSPITAL,OPEN,5-Nov-66,EMANUEL MEDICAL CENTER #500867,Emergency Department
16237 VENTURA BOULEVARD,ENCINO,91436,LOS ANGELES,GENERAL ACUTE CARE HOSPITAL,OPEN,8-Nov-54,ENCINO HOSPITAL MEDICAL CENTER #190280,Emergency Department
1531 ESPLANADE,CHICO,95926,BUTTE,GENERAL ACUTE CARE HOSPITAL,OPEN,29-Mar-46,ENLOE HEALTH #040962,Emergency Department
444 BRUCE STREET,YREKA,96097,SISKIYOU,GENERAL ACUTE CARE HOSPITAL,OPEN,11-Jul-97,FAIRCHILD MEDICAL CENTER #474007,Emergency Department
14662 NEWPORT AVENUE,TUSTIN,92780,ORANGE,GENERAL ACUTE CARE HOSPITAL,OPEN,23-Feb-98,FOOTHILL REGIONAL MEDICAL CENTER #301357,Emergency Department
1911 JOHNSON AVENUE,SAN LUIS OBISPO,93401,SAN LUIS OBISPO,GENERAL ACUTE CARE HOSPITAL,OPEN,26-Sep-72,FRENCH HOSPITAL MEDICAL CENTER #400480,Emergency Department
12601 GARDEN GROVE BLVD.,GARDEN GROVE,92843,ORANGE,GENERAL ACUTE CARE HOSPITAL,OPEN,7-Jan-58,GARDEN GROVE HOSPITAL AND MEDICAL CENTER #301283,Emergency Department
525 NORTH GARFIELD AVENUE,MONTEREY PARK,91754,LOS ANGELES,GENERAL ACUTE CARE HOSPITAL,OPEN,1-Jan-46,GARFIELD MEDICAL CENTER #190315,Emergency Department
300 CANAL STREET,KING CITY,93930,MONTEREY,GENERAL ACUTE CARE HOSPITAL,OPEN,12-Sep-62,GEORGE L. MEE MEMORIAL HOSPITAL #270777,Emergency Department
1420 SOUTH CENTRAL AVENUE,GLENDALE,91204,LOS ANGELES,GENERAL ACUTE CARE HOSPITAL,OPEN,1-Jan-46,GLENDALE MEMORIAL HOSPITAL AND HEALTH CENTER #190522,Emergency Department
1133 WEST SYCAMORE STREET,WILLOWS,95988,GLENN,GENERAL ACUTE CARE HOSPITAL,OPEN,1-Jul-53,GLENN MEDICAL CENTER #110889,Emergency Department
351 SOUTH PATTERSON AVENUE,SANTA BARBARA,93111,SANTA BARBARA,GENERAL ACUTE CARE HOSPITAL,OPEN,13-Jul-64,GOLETA VALLEY COTTAGE HOSPITAL #420483,Emergency Department
2425 SAMARITAN DRIVE,SAN JOSE,95124,SANTA CLARA,GENERAL ACUTE CARE HOSPITAL,OPEN,21-Sep-65,GOOD SAMARITAN HOSPITAL-SAN JOSE #430779,Emergency Department
1701 SANTA ANITA AVENUE,SOUTH EL MONTE,91733,LOS ANGELES,GENERAL ACUTE CARE HOSPITAL,OPEN,1-Jul-74,GREATER EL MONTE COMMUNITY HOSPITAL #190352,Emergency Department
5555 GROSSMONT CENTER DRIVE,LA MESA,91942,SAN DIEGO,GENERAL ACUTE CARE HOSPITAL,OPEN,10-Aug-55,GROSSMONT HOSPITAL #370714,Emergency Department
911 SUNSET DRIVE,HOLLISTER,95023,SAN BENITO,GENERAL ACUTE CARE HOSPITAL,OPEN,29-Jun-62,HAZEL HAWKINS MEMORIAL HOSPITAL #350784,Emergency Department
1375 UNIVERSITY STREET,HEALDSBURG,95448,SONOMA,GENERAL ACUTE CARE HOSPITAL,OPEN,10-Jan-72,HEALDSBURG HOSPITAL #490964,Emergency Department
1117 EAST DEVONSHIRE,HEMET,92543,RIVERSIDE,GENERAL ACUTE CARE HOSPITAL,OPEN,1-Jan-46,HEMET GLOBAL MEDICAL CENTER #331194,Emergency Department
23845 MCBEAN PARKWAY,VALENCIA,91355,LOS ANGELES,GENERAL ACUTE CARE HOSPITAL,OPEN,30-Jul-75,HENRY MAYO NEWHALL HOSPITAL #190949,Emergency Department
6601 WHITE FEATHER ROAD,JOSHUA TREE,92252,SAN BERNARDINO,GENERAL ACUTE CARE HOSPITAL,OPEN,11-Jun-71,HI-DESERT MEDICAL CENTER #362041,Emergency Department
1411 EAST 31ST STREET,OAKLAND,94602,ALAMEDA,GENERAL ACUTE CARE HOSPITAL,OPEN,1-Jul-53,HIGHLAND HOSPITAL #010846,Emergency Department
1 HOAG DRIVE,NEWPORT BEACH,92663,ORANGE,GENERAL ACUTE CARE HOSPITAL,OPEN,15-Sep-52,HOAG MEMORIAL HOSPITAL PRESBYTERIAN #301205,Emergency Department
1300 NORTH VERMONT AVENUE,LOS ANGELES,90027,LOS ANGELES,GENERAL ACUTE CARE HOSPITAL,OPEN,1-Jan-46,HOLLYWOOD PRESBYTERIAN MEDICAL CENTER #190382,Emergency Department
17772 BEACH BOULEVARD,HUNTINGTON BEACH,92647,ORANGE,GENERAL ACUTE CARE HOSPITAL,OPEN,3-Apr-67,HUNTINGTON BEACH HOSPITAL #301209,Emergency Department
100 W. CALIFORNIA BOULEVARD,PASADENA,91105,LOS ANGELES,GENERAL ACUTE CARE HOSPITAL,OPEN,1-Jan-46,HUNTINGTON HOSPITAL #190400,Emergency Department
5189 HOSPITAL RD.,MARIPOSA,95338,MARIPOSA,GENERAL ACUTE CARE HOSPITAL,OPEN,1-Oct-51,JOHN C FREMONT HEALTHCARE DISTRICT #220733,Emergency Department
47111 MONROE STREET,INDIO,92201,RIVERSIDE,GENERAL ACUTE CARE HOSPITAL,OPEN,18-Feb-66,JOHN F. KENNEDY MEMORIAL HOSPITAL #331216,Emergency Department
2540 EAST STREET,CONCORD,94520,CONTRA COSTA,GENERAL ACUTE CARE HOSPITAL,OPEN,1-Jan-46,JOHN MUIR MEDICAL CENTER-CONCORD CAMPUS #071018,Emergency Department
1601 YGNACIO VALLEY ROAD,WALNUT CREEK,94598,CONTRA COSTA,GENERAL ACUTE CARE HOSPITAL,OPEN,15-Jun-65,JOHN MUIR MEDICAL CENTER-WALNUT CREEK CAMPUS #070988,Emergency Department
975 SERENO DRIVE,VALLEJO,94589,SOLANO,GENERAL ACUTE CARE HOSPITAL,OPEN,21-Mar-73,KAISER FOUNDATION HOSPITAL & REHAB CENTER - VALLEJO #480989,Emergency Department
4501 SAND CREEK ROAD,ANTIOCH,94531,CONTRA COSTA,GENERAL ACUTE CARE HOSPITAL,OPEN,7-Nov-07,KAISER FOUNDATION HOSPITAL - ANTIOCH  #074097,Emergency Department
1011 BALDWIN PARK BLVD.,BALDWIN PARK,91706,LOS ANGELES,GENERAL ACUTE CARE HOSPITAL,OPEN,7-Oct-98,KAISER FOUNDATION HOSPITAL - BALDWIN PARK #196035,Emergency Department
9333 IMPERIAL HIGHWAY,DOWNEY,90242,LOS ANGELES,GENERAL ACUTE CARE HOSPITAL,OPEN,31-Aug-09,KAISER FOUNDATION HOSPITAL - DOWNEY #196403,Emergency Department
9961 SIERRA AVENUE,FONTANA,92335,SAN BERNARDINO,GENERAL ACUTE CARE HOSPITAL,OPEN,1-Sep-54,KAISER FOUNDATION HOSPITAL - FONTANA #361223,Emergency Department
39400 PASEO PADRE PARKWAY,FREMONT,94538,ALAMEDA,GENERAL ACUTE CARE HOSPITAL,OPEN,1-Dec-96,KAISER FOUNDATION HOSPITAL - FREMONT #014132,Emergency Department
7300 NORTH FRESNO STREET,FRESNO,93720,FRESNO,GENERAL ACUTE CARE HOSPITAL,OPEN,23-Feb-95,KAISER FOUNDATION HOSPITAL - FRESNO #104062,Emergency Department
4867 SUNSET BOULEVARD,LOS ANGELES,90027,LOS ANGELES,GENERAL ACUTE CARE HOSPITAL,OPEN,1-May-53,KAISER FOUNDATION HOSPITAL - LOS ANGELES #190429,Emergency Department
1777 WEST YOSEMITE AVENUE,MANTECA,95337,SAN JOAQUIN,GENERAL ACUTE CARE HOSPITAL,OPEN,1-Sep-90,KAISER FOUNDATION HOSPITAL - MANTECA #394009,Emergency Department
27300 IRIS AVENUE,MORENO VALLEY,92555,RIVERSIDE,GENERAL ACUTE CARE HOSPITAL,OPEN,3-Oct-90,KAISER FOUNDATION HOSPITAL - MORENO VALLEY #334048,Emergency Department
275 W. MACARTHUR BLVD.,OAKLAND,94611,ALAMEDA,GENERAL ACUTE CARE HOSPITAL,OPEN,1-Jul-14,KAISER FOUNDATION HOSPITAL - OAKLAND/RICHMOND #014326,Emergency Department
3440 E LA PALMA AVE,ANAHEIM,92806,ORANGE,GENERAL ACUTE CARE HOSPITAL,OPEN,12-Jul-12,KAISER FOUNDATION HOSPITAL - ORANGE COUNTY - ANAHEIM #304409,Emergency Department
13652 CANTARA STREET,PANORAMA CITY,91402,LOS ANGELES,GENERAL ACUTE CARE HOSPITAL,OPEN,21-Jun-63,KAISER FOUNDATION HOSPITAL - PANORAMA CITY #190432,Emergency Department
1100 VETERANS BLVD.,REDWOOD CITY,94063,SAN MATEO,GENERAL ACUTE CARE HOSPITAL,OPEN,1-Dec-14,KAISER FOUNDATION HOSPITAL - REDWOOD CITY #414139,Emergency Department
10800 MAGNOLIA AVENUE,RIVERSIDE,92505,RIVERSIDE,GENERAL ACUTE CARE HOSPITAL,OPEN,11-Sep-89,KAISER FOUNDATION HOSPITAL - RIVERSIDE #334025,Emergency Department
1600 EUREKA ROAD,ROSEVILLE,95661,PLACER,GENERAL ACUTE CARE HOSPITAL,OPEN,10-Sep-11,KAISER FOUNDATION HOSPITAL - ROSEVILLE #314024,Emergency Department
2025 MORSE AVENUE,SACRAMENTO,95825,SACRAMENTO,GENERAL ACUTE CARE HOSPITAL,OPEN,11-May-61,KAISER FOUNDATION HOSPITAL - SACRAMENTO #340913,Emergency Department
4647 ZION AVENUE,SAN DIEGO,92120,SAN DIEGO,GENERAL ACUTE CARE HOSPITAL,OPEN,18-Nov-75,KAISER FOUNDATION HOSPITAL - SAN DIEGO - ZION #370730,Emergency Department
2425 GEARY BOULEVARD,SAN FRANCISCO,94115,SAN FRANCISCO,GENERAL ACUTE CARE HOSPITAL,OPEN,16-Feb-54,KAISER FOUNDATION HOSPITAL - SAN FRANCISCO #380857,Emergency Department
250 HOSPITAL PARKWAY,SAN JOSE,95119,SANTA CLARA,GENERAL ACUTE CARE HOSPITAL,OPEN,1-Dec-73,KAISER FOUNDATION HOSPITAL - SAN JOSE #431506,Emergency Department
2500 MERCED STREET,SAN LEANDRO,94577,ALAMEDA,GENERAL ACUTE CARE HOSPITAL,OPEN,3-Jun-14,KAISER FOUNDATION HOSPITAL - SAN LEANDRO #014337,Emergency Department
360 RUSH DRIVE,SAN MARCOS,92078,SAN DIEGO,GENERAL ACUTE CARE HOSPITAL,OPEN,14-Jul-23,KAISER FOUNDATION HOSPITAL - SAN MARCOS #370028,Emergency Department
99 MONTECILLO ROAD,SAN RAFAEL,94903,MARIN,GENERAL ACUTE CARE HOSPITAL,OPEN,9-Dec-66,KAISER FOUNDATION HOSPITAL - SAN RAFAEL #210992,Emergency Department
700 LAWRENCE EXPRESSWAY,SANTA CLARA,95051,SANTA CLARA,GENERAL ACUTE CARE HOSPITAL,OPEN,24-Jul-07,KAISER FOUNDATION HOSPITAL - SANTA CLARA #434153,Emergency Department
401 BICENTENNIAL WAY,SANTA ROSA,95403,SONOMA,GENERAL ACUTE CARE HOSPITAL,OPEN,30-Mar-90,KAISER FOUNDATION HOSPITAL - SANTA ROSA #494019,Emergency Department
25825 SOUTH VERMONT AVENUE,HARBOR CITY,90710,LOS ANGELES,GENERAL ACUTE CARE HOSPITAL,OPEN,14-Jan-59,KAISER FOUNDATION HOSPITAL - SOUTH BAY #190431,Emergency Department
6600 BRUCEVILLE ROAD,SACRAMENTO,95823,SACRAMENTO,GENERAL ACUTE CARE HOSPITAL,OPEN,24-Oct-85,KAISER FOUNDATION HOSPITAL - SOUTH SACRAMENTO #342344,Emergency Department
1200 EL CAMINO REAL,SOUTH SAN FRANCISCO,94080,SAN MATEO,GENERAL ACUTE CARE HOSPITAL,OPEN,1-Jul-74,KAISER FOUNDATION HOSPITAL - SOUTH SAN FRANCISCO #410806,Emergency Department
1 QUALITY DRIVE,VACAVILLE,95688,SOLANO,GENERAL ACUTE CARE HOSPITAL,OPEN,16-Sep-09,KAISER FOUNDATION HOSPITAL - VACAVILLE #484044,Emergency Department
1425 SOUTH MAIN STREET,WALNUT CREEK,94596,CONTRA COSTA,GENERAL ACUTE CARE HOSPITAL,OPEN,11-Sep-53,KAISER FOUNDATION HOSPITAL - WALNUT CREEK #070990,Emergency Department
6041 CADILLAC AVENUE,LOS ANGELES,90034,LOS ANGELES,GENERAL ACUTE CARE HOSPITAL,OPEN,16-Sep-74,KAISER FOUNDATION HOSPITAL - WEST LA #190434,Emergency Department
5601 DE SOTO AVENUE,WOODLAND HILLS,91367,LOS ANGELES,GENERAL ACUTE CARE HOSPITAL,OPEN,8-Apr-86,KAISER FOUNDATION HOSPITAL - WOODLAND HILLS #191450,Emergency Department
400 WEST MINERAL KING,VISALIA,93291,TULARE,GENERAL ACUTE CARE HOSPITAL,OPEN,22-Jun-69,KAWEAH HEALTH MEDICAL CENTER #540734,Emergency Department
1700 MOUNT VERNON AVENUE,BAKERSFIELD,93306,KERN,GENERAL ACUTE CARE HOSPITAL,OPEN,1-Jul-53,KERN MEDICAL CENTER #150736,Emergency Department
6412 LAUREL AVENUE,LAKE ISABELLA,93240,KERN,GENERAL ACUTE CARE HOSPITAL,OPEN,17-Jun-68,KERN VALLEY HEALTHCARE DISTRICT #150737,Emergency Department
7901 WALKER STREET,LA PALMA,90623,ORANGE,GENERAL ACUTE CARE HOSPITAL,OPEN,30-May-72,LA PALMA INTERCOMMUNITY HOSPITAL #301234,Emergency Department
1000 WEST CARSON STREET,TORRANCE,90502,LOS ANGELES,GENERAL ACUTE CARE HOSPITAL,OPEN,1-Jul-53,LAC/HARBOR-UCLA MEDICAL CENTER #191227,Emergency Department
11234 ANDERSON ST.,LOMA LINDA,92354,SAN BERNARDINO,GENERAL ACUTE CARE HOSPITAL,OPEN,16-Nov-14,LOMA LINDA UNIVERSITY CHILDREN'S HOSPITAL #364502,Emergency Department
11234 ANDERSON STREET,LOMA LINDA,92354,SAN BERNARDINO,GENERAL ACUTE CARE HOSPITAL,OPEN,1-Jan-46,LOMA LINDA UNIVERSITY MEDICAL CENTER #361246,Emergency Department
28062 BAXTER ROAD,MURRIETA,92563,RIVERSIDE,GENERAL ACUTE CARE HOSPITAL,OPEN,12-Apr-11,LOMA LINDA UNIVERSITY MEDICAL CENTER-MURRIETA #334589,Emergency Department
1515 E. OCEAN AVENUE,LOMPOC,93436,SANTA BARBARA,GENERAL ACUTE CARE HOSPITAL,OPEN,1-Jan-46,LOMPOC VALLEY MEDICAL CENTER #420491,Emergency Department
4081 EAST OLYMPIC BOULEVARD,LOS ANGELES,90023,LOS ANGELES,GENERAL ACUTE CARE HOSPITAL,OPEN,24-Oct-57,LOS ANGELES COMMUNITY HOSPITAL #190198,Emergency Department
14445 OLIVE VIEW DRIVE,SYLMAR,91342,LOS ANGELES,GENERAL ACUTE CARE HOSPITAL,OPEN,20-Oct-59,LOS ANGELES COUNTY OLIVE VIEW-UCLA MEDICAL CENTER #191231,Emergency Department
2051 MARENGO STREET,LOS ANGELES,90033,LOS ANGELES,GENERAL ACUTE CARE HOSPITAL,OPEN,22-May-23,LOS ANGELES GENERAL MEDICAL CENTER #191228,Emergency Department
215 WEST JANSS ROAD,THOUSAND OAKS,91360,VENTURA,GENERAL ACUTE CARE HOSPITAL,OPEN,7-Nov-68,LOS ROBLES HOSPITAL & MEDICAL CENTER #560492,Emergency Department
3800 JANES ROAD,ARCATA,95521,HUMBOLDT,GENERAL ACUTE CARE HOSPITAL,OPEN,26-Oct-72,MAD RIVER COMMUNITY HOSPITAL #121002,Emergency Department
85 SIERRA PARK ROAD,MAMMOTH LAKES,93546,MONO,GENERAL ACUTE CARE HOSPITAL,OPEN,10-Feb-78,MAMMOTH HOSPITAL #260011,Emergency Department
1400 EAST CHURCH STREET,SANTA MARIA,93454,SANTA BARBARA,GENERAL ACUTE CARE HOSPITAL,OPEN,8-Mar-67,MARIAN REGIONAL MEDICAL CENTER #420493,Emergency Department
345 SOUTH HALCYON ROAD,ARROYO GRANDE,93420,SAN LUIS OBISPO,GENERAL ACUTE CARE HOSPITAL,OPEN,10-Jan-13,"MARIAN REGIONAL MEDICAL CENTER, ARROYO GRANDE #400466",Emergency Department
250 BON AIR ROAD,GREENBRAE,94904,MARIN,GENERAL ACUTE CARE HOSPITAL,OPEN,16-May-52,MARINHEALTH MEDICAL CENTER #211006,Emergency Department
768 MOUNTAIN RANCH ROAD,SAN ANDREAS,95249,CALAVERAS,GENERAL ACUTE CARE HOSPITAL,OPEN,21-Aug-51,MARK TWAIN MEDICAL CENTER #050932,Emergency Department
1100 MARSHALL WAY,PLACERVILLE,95667,EL DORADO,GENERAL ACUTE CARE HOSPITAL,OPEN,22-May-59,MARSHALL MEDICAL CENTER #090933,Emergency Department
43563 STATE HWY. 299 E,FALL RIVER MILLS,96028,SHASTA,GENERAL ACUTE CARE HOSPITAL,OPEN,7-Jan-59,MAYERS MEMORIAL HOSPITAL #450936,Emergency Department
520 WEST I STREET,LOS BANOS,93635,MERCED,GENERAL ACUTE CARE HOSPITAL,OPEN,31-Aug-67,MEMORIAL HOSPITAL LOS BANOS #240924,Emergency Department
1145 W. REDONDO BEACH BLVD.,GARDENA,90247,LOS ANGELES,GENERAL ACUTE CARE HOSPITAL,OPEN,13-May-49,MEMORIAL HOSPITAL OF GARDENA #190521,Emergency Department
1700 COFFEE ROAD,MODESTO,95355,STANISLAUS,GENERAL ACUTE CARE HOSPITAL,OPEN,1-May-70,MEMORIAL MEDICAL CENTER - MODESTO #500939,Emergency Department
2801 ATLANTIC AVENUE,LONG BEACH,90806,LOS ANGELES,GENERAL ACUTE CARE HOSPITAL,OPEN,1-Jul-60,MEMORIALCARE LONG BEACH MEDICAL CENTER #190525,Emergency Department
9920 TALBERT AVENUE,FOUNTAIN VALLEY,92708,ORANGE,GENERAL ACUTE CARE HOSPITAL,OPEN,1-Feb-86,MEMORIALCARE ORANGE COAST MEDICAL CENTER #300225,Emergency Department
24451 HEALTH CENTER DRIVE,LAGUNA HILLS,92653,ORANGE,GENERAL ACUTE CARE HOSPITAL,OPEN,27-Jan-74,MEMORIALCARE SADDLEBACK MEDICAL CENTER #301317,Emergency Department
28400 MCCALL BOULEVARD,SUN CITY,92585,RIVERSIDE,GENERAL ACUTE CARE HOSPITAL,OPEN,5-Jun-89,MENIFEE GLOBAL MEDICAL CENTER #334018,Emergency Department
4001 J STREET,SACRAMENTO,95819,SACRAMENTO,GENERAL ACUTE CARE HOSPITAL,OPEN,1-Jan-46,MERCY GENERAL HOSPITAL #340947,Emergency Department
2215 TRUXTUN AVENUE,BAKERSFIELD,93301,KERN,GENERAL ACUTE CARE HOSPITAL,OPEN,1-Jan-47,MERCY HOSPITAL - BAKERSFIELD #150761,Emergency Department
1650 CREEKSIDE DRIVE,FOLSOM,95630,SACRAMENTO,GENERAL ACUTE CARE HOSPITAL,OPEN,17-Jun-89,MERCY HOSPITAL OF FOLSOM #344029,Emergency Department
333 MERCY AVENUE,MERCED,95340,MERCED,GENERAL ACUTE CARE HOSPITAL,OPEN,1-Jan-56,MERCY MEDICAL CENTER - MERCED #240942,Emergency Department
2175 ROSALINE AVENUE,REDDING,96001,SHASTA,GENERAL ACUTE CARE HOSPITAL,OPEN,9-Apr-53,MERCY MEDICAL CENTER - REDDING #450949,Emergency Department
914 PINE STREET,MOUNT SHASTA,96067,SISKIYOU,GENERAL ACUTE CARE HOSPITAL,OPEN,13-Apr-76,MERCY MEDICAL CENTER MT. SHASTA #470871,Emergency Department
6501 COYLE AVENUE,CARMICHAEL,95608,SACRAMENTO,GENERAL ACUTE CARE HOSPITAL,OPEN,3-Feb-67,MERCY SAN JUAN MEDICAL CENTER #340950,Emergency Department
7500 HOSPITAL DRIVE,SACRAMENTO,95823,SACRAMENTO,GENERAL ACUTE CARE HOSPITAL,OPEN,24-Oct-73,METHODIST HOSPITAL OF SACRAMENTO #340951,Emergency Department
1501 TROUSDALE DRIVE,BURLINGAME,94010,SAN MATEO,GENERAL ACUTE CARE HOSPITAL,OPEN,1-Mar-54,MILLS-PENINSULA MEDICAL CENTER #410852,Emergency Department
14850 ROSCOE BOULEVARD,PANORAMA CITY,91402,LOS ANGELES,GENERAL ACUTE CARE HOSPITAL,OPEN,13-Aug-65,MISSION COMMUNITY HOSPITAL - PANORAMA CAMPUS #190524,Emergency Department
1111 N. NAGLE ST,ALTURAS,96101,MODOC,GENERAL ACUTE CARE HOSPITAL,OPEN,18-Dec-20,MODOC MEDICAL CENTER #254005,Emergency Department
5000 SAN BERNARDINO STREET,MONTCLAIR,91763,SAN BERNARDINO,GENERAL ACUTE CARE HOSPITAL,OPEN,7-Aug-72,MONTCLAIR HOSPITAL MEDICAL CENTER #361166,Emergency Department
900 SOUTH ATLANTIC BOULEVARD,MONTEREY PARK,91754,LOS ANGELES,GENERAL ACUTE CARE HOSPITAL,OPEN,4-Dec-72,MONTEREY PARK HOSPITAL #190547,Emergency Department
29101 HOSPITAL ROAD,LAKE ARROWHEAD,92352,SAN BERNARDINO,GENERAL ACUTE CARE HOSPITAL,OPEN,10-Oct-51,MOUNTAINS COMMUNITY HOSPITAL #361266,Emergency Department
1441 CONSTITUTION BOULEVARD,SALINAS,93906,MONTEREY,GENERAL ACUTE CARE HOSPITAL,OPEN,15-Jun-99,NATIVIDAD MEDICAL CENTER #274043,Emergency Department
1200 B. GALE WILSON BLVD.,FAIRFIELD,94533,SOLANO,GENERAL ACUTE CARE HOSPITAL,OPEN,11-Dec-59,NORTHBAY MEDICAL CENTER #481357,Emergency Department
150 PIONEER LANE,BISHOP,93514,INYO,GENERAL ACUTE CARE HOSPITAL,OPEN,14-May-48,NORTHERN INYO HOSPITAL #141273,Emergency Department
18300 ROSCOE BOULEVARD,NORTHRIDGE,91325,LOS ANGELES,GENERAL ACUTE CARE HOSPITAL,OPEN,7-Oct-55,NORTHRIDGE HOSPITAL MEDICAL CENTER #190568,Emergency Department
13222 BLOOMFIELD AVENUE,NORWALK,90650,LOS ANGELES,GENERAL ACUTE CARE HOSPITAL,OPEN,28-Feb-55,NORWALK COMMUNITY HOSPITAL #190570,Emergency Department
180 ROWLAND WAY,NOVATO,94945,MARIN,GENERAL ACUTE CARE HOSPITAL,OPEN,20-May-01,NOVATO COMMUNITY HOSPITAL #214034,Emergency Department
2105 FOREST AVENUE,SAN JOSE,95128,SANTA CLARA,GENERAL ACUTE CARE HOSPITAL,OPEN,1-Mar-19,O'CONNOR HOSPITAL #430837,Emergency Department
350 SOUTH OAK STREET,OAKDALE,95361,STANISLAUS,GENERAL ACUTE CARE HOSPITAL,OPEN,14-Mar-73,OAK VALLEY HOSPITAL DISTRICT #500967,Emergency Department
1001 NORTH TUSTIN AVENUE,SANTA ANA,92705,ORANGE,GENERAL ACUTE CARE HOSPITAL,OPEN,19-Apr-75,ORANGE COUNTY GLOBAL MEDICAL CENTER #301566,Emergency Department
240 SPRUCE STREET,GRIDLEY,95948,BUTTE,GENERAL ACUTE CARE HOSPITAL,OPEN,24-May-49,ORCHARD HOSPITAL #040802,Emergency Department
2767 OLIVE HIGHWAY,OROVILLE,95966,BUTTE,GENERAL ACUTE CARE HOSPITAL,OPEN,1-Jan-62,OROVILLE HOSPITAL #040937,Emergency Department
9449 SAN FERNANDO ROAD,SUN VALLEY,91352,LOS ANGELES,GENERAL ACUTE CARE HOSPITAL,OPEN,30-Dec-46,PACIFICA HOSPITAL OF THE VALLEY #190696,Emergency Department
38600 MEDICAL CENTER DRIVE,PALMDALE,93551,LOS ANGELES,GENERAL ACUTE CARE HOSPITAL,OPEN,9-Dec-10,PALMDALE REGIONAL MEDICAL CENTER #196405,Emergency Department
250 NORTH FIRST STREET,BLYTHE,92225,RIVERSIDE,GENERAL ACUTE CARE HOSPITAL,OPEN,20-Mar-46,PALO VERDE HOSPITAL #331288,Emergency Department
2185 W. CITRACADO PARKWAY,ESCONDIDO,92029,SAN DIEGO,GENERAL ACUTE CARE HOSPITAL,OPEN,15-Aug-12,PALOMAR MEDICAL CENTER  #374382,Emergency Department
15615 POMERADO ROAD,POWAY,92064,SAN DIEGO,GENERAL ACUTE CARE HOSPITAL,OPEN,22-Jun-77,PALOMAR MEDICAL CENTER POWAY #370977,Emergency Department
2400 EAST FOURTH STREET,NATIONAL CITY,91950,SAN DIEGO,GENERAL ACUTE CARE HOSPITAL,OPEN,29-Mar-66,PARADISE VALLEY HOSPITAL #370759,Emergency Department
400 NORTH MCDOWELL BOULEVARD,PETALUMA,94954,SONOMA,GENERAL ACUTE CARE HOSPITAL,OPEN,5-Mar-80,PETALUMA VALLEY HOSPITAL #491001,Emergency Department
1225 WILSHIRE BOULEVARD,LOS ANGELES,90017,LOS ANGELES,GENERAL ACUTE CARE HOSPITAL,OPEN,1-Jan-46,PIH HEALTH GOOD SAMARITAN HOSPITAL #190392,Emergency Department
11500 BROOKSHIRE AVENUE,DOWNEY,90241,LOS ANGELES,GENERAL ACUTE CARE HOSPITAL,OPEN,18-Sep-69,PIH HEALTH HOSPITAL - DOWNEY #190243,Emergency Department
12401 WASHINGTON BLVD.,WHITTIER,90602,LOS ANGELES,GENERAL ACUTE CARE HOSPITAL,OPEN,15-Jan-59,PIH HEALTH WHITTIER HOSPITAL #190631,Emergency Department
207 WEST LEGION ROAD,BRAWLEY,92227,IMPERIAL,GENERAL ACUTE CARE HOSPITAL,OPEN,6-Nov-50,PIONEERS MEMORIAL HEALTHCARE DISTRICT #130760,Emergency Department
1065 BUCKS LAKE ROAD,QUINCY,95971,PLUMAS,GENERAL ACUTE CARE HOSPITAL,OPEN,14-Apr-59,PLUMAS DISTRICT HOSPITAL #320986,Emergency Department
1798 NORTH GAREY AVENUE,POMONA,91767,LOS ANGELES,GENERAL ACUTE CARE HOSPITAL,OPEN,1-Jan-46,POMONA VALLEY HOSPITAL MEDICAL CENTER #190630,Emergency Department
1001 POTRERO AVENUE,SAN FRANCISCO,94110,SAN FRANCISCO,GENERAL ACUTE CARE HOSPITAL,OPEN,1-Jul-53,PRISCILLA CHAN & MARK ZUCKERBERG SAN FRANCISCO GENERAL HOSPITAL & TRAUMA CENTER #380939,Emergency Department
18321 CLARK STREET,TARZANA,91356,LOS ANGELES,GENERAL ACUTE CARE HOSPITAL,OPEN,2-Oct-73,PROVIDENCE CEDARS-SINAI TARZANA MEDICAL CENTER #190517,Emergency Department
15031 RINALDI STREET,MISSION HILLS,91345,LOS ANGELES,GENERAL ACUTE CARE HOSPITAL,OPEN,21-Jun-61,PROVIDENCE HOLY CROSS MEDICAL CENTER #190385,Emergency Department
1300 WEST SEVENTH STREET,SAN PEDRO,90732,LOS ANGELES,GENERAL ACUTE CARE HOSPITAL,OPEN,1-Jan-46,PROVIDENCE LITTLE COMPANY OF MARY MC - SAN PEDRO #190680,Emergency Department
4101 TORRANCE BOULEVARD,TORRANCE,90503,LOS ANGELES,GENERAL ACUTE CARE HOSPITAL,OPEN,21-Dec-59,PROVIDENCE LITTLE COMPANY OF MARY MEDICAL CENTER TORRANCE #190470,Emergency Department
27700 MEDICAL CENTER ROAD,MISSION VIEJO,92691,ORANGE,GENERAL ACUTE CARE HOSPITAL,OPEN,10-Aug-71,PROVIDENCE MISSION HOSPITAL #301262,Emergency Department
31872 COAST HIGHWAY,LAGUNA BEACH,92651,ORANGE,GENERAL ACUTE CARE HOSPITAL,OPEN,1-Jul-09,PROVIDENCE MISSION HOSPITAL - LAGUNA BEACH #301337,Emergency Department
1000 TRANCAS STREET,NAPA,94558,NAPA,GENERAL ACUTE CARE HOSPITAL,OPEN,8-Mar-58,PROVIDENCE QUEEN OF THE VALLEY MEDICAL CENTER #281047,Emergency Department
3300 RENNER DRIVE,FORTUNA,95540,HUMBOLDT,GENERAL ACUTE CARE HOSPITAL,OPEN,19-Mar-57,PROVIDENCE REDWOOD MEMORIAL HOSPITAL #121051,Emergency Department
501 S BUENA VISTA STREET,BURBANK,91505,LOS ANGELES,GENERAL ACUTE CARE HOSPITAL,OPEN,1-Jan-46,PROVIDENCE SAINT JOSEPH MEDICAL CENTER #190758,Emergency Department
1165 MONTGOMERY DRIVE,SANTA ROSA,95405,SONOMA,GENERAL ACUTE CARE HOSPITAL,OPEN,7-Feb-50,PROVIDENCE SANTA ROSA MEMORIAL HOSPITAL-MONTGOMERY #491064,Emergency Department
1100 WEST STEWART DRIVE,ORANGE,92868,ORANGE,GENERAL ACUTE CARE HOSPITAL,OPEN,27-Oct-64,PROVIDENCE ST. JOSEPH HOSPITAL #301340,Emergency Department
2700 DOLBEER STREET,EUREKA,95501,HUMBOLDT,GENERAL ACUTE CARE HOSPITAL,OPEN,26-Jul-54,PROVIDENCE ST. JOSEPH HOSPITAL - EUREKA #121080,Emergency Department
101 EAST VALENCIA MESA DRIVE,FULLERTON,92835,ORANGE,GENERAL ACUTE CARE HOSPITAL,OPEN,13-May-57,PROVIDENCE ST. JUDE MEDICAL CENTER #301342,Emergency Department
18300 US HIGHWAY 18,APPLE VALLEY,92307,SAN BERNARDINO,GENERAL ACUTE CARE HOSPITAL,OPEN,16-Nov-56,PROVIDENCE ST. MARY MEDICAL CENTER #361343,Emergency Department
3020 CHILDREN'S WAY,SAN DIEGO,92123,SAN DIEGO,GENERAL ACUTE CARE HOSPITAL,OPEN,18-Aug-54,RADY CHILDREN'S HOSPITAL - SAN DIEGO #370673,Emergency Department
350 TERRACINA BOULEVARD,REDLANDS,92373,SAN BERNARDINO,GENERAL ACUTE CARE HOSPITAL,OPEN,1-Jan-46,REDLANDS COMMUNITY HOSPITAL #361308,Emergency Department
225 NORTH JACKSON AVENUE,SAN JOSE,95116,SANTA CLARA,GENERAL ACUTE CARE HOSPITAL,OPEN,1-Apr-25,REGIONAL MEDICAL CENTER OF SAN JOSE #430705,Emergency Department
1081 NORTH CHINA LAKE BLVD.,RIDGECREST,93555,KERN,GENERAL ACUTE CARE HOSPITAL,OPEN,30-Sep-46,RIDGECREST REGIONAL HOSPITAL #150782,Emergency Department
4445 MAGNOLIA AVENUE,RIVERSIDE,92501,RIVERSIDE,GENERAL ACUTE CARE HOSPITAL,OPEN,1-Jan-46,RIVERSIDE COMMUNITY HOSPITAL #331312,Emergency Department
26520 CACTUS AVENUE,MORENO VALLEY,92555,RIVERSIDE,GENERAL ACUTE CARE HOSPITAL,OPEN,1-Apr-98,RIVERSIDE UNIVERSITY HEALTH SYSTEM - MEDICAL CENTER #334487,Emergency Department
757 WESTWOOD PLAZA,LOS ANGELES,90095,LOS ANGELES,GENERAL ACUTE CARE HOSPITAL,OPEN,1-Jul-55,RONALD REAGAN UCLA MEDICAL CENTER #190796,Emergency Department
2121 SANTA MONICA BLVD.,SANTA MONICA,90404,LOS ANGELES,GENERAL ACUTE CARE HOSPITAL,OPEN,1-Jan-49,SAINT JOHN'S HEALTH CENTER #190756,Emergency Department
450 EAST ROMIE LANE,SALINAS,93901,MONTEREY,GENERAL ACUTE CARE HOSPITAL,OPEN,10-Apr-53,SALINAS VALLEY HEALTH MEDICAL CENTER #270875,Emergency Department
999 SAN BERNARDINO ROAD,UPLAND,91786,SAN BERNARDINO,GENERAL ACUTE CARE HOSPITAL,OPEN,1-Jan-46,SAN ANTONIO REGIONAL HOSPITAL #361318,Emergency Department
1350 WEST COVINA BOULEVARD,SAN DIMAS,91773,LOS ANGELES,GENERAL ACUTE CARE HOSPITAL,OPEN,30-Oct-72,SAN DIMAS COMMUNITY HOSPITAL #190673,Emergency Department
438 W. LAS TUNAS DRIVE,SAN GABRIEL,91776,LOS ANGELES,GENERAL ACUTE CARE HOSPITAL,OPEN,17-Aug-60,SAN GABRIEL VALLEY MEDICAL CENTER #190200,Emergency Department
600 N. HIGHLAND SPRINGS AVENUE,BANNING,92220,RIVERSIDE,GENERAL ACUTE CARE HOSPITAL,OPEN,13-Mar-51,SAN GORGONIO MEMORIAL HOSPITAL #331326,Emergency Department
500 WEST HOSPITAL ROAD,FRENCH CAMP,95231,SAN JOAQUIN,GENERAL ACUTE CARE HOSPITAL,OPEN,1-Jul-53,SAN JOAQUIN GENERAL HOSPITAL #391010,Emergency Department
222 WEST 39TH AVENUE,SAN MATEO,94403,SAN MATEO,GENERAL ACUTE CARE HOSPITAL,OPEN,1-Jul-53,SAN MATEO MEDICAL CENTER #410782,Emergency Department
6001 NORRIS CANYON ROAD,SAN RAMON,94583,CONTRA COSTA,GENERAL ACUTE CARE HOSPITAL,OPEN,12-Feb-90,SAN RAMON REGIONAL MEDICAL CENTER #074017,Emergency Department
400 W. PUEBLO STREET,SANTA BARBARA,93105,SANTA BARBARA,GENERAL ACUTE CARE HOSPITAL,OPEN,1-Jan-46,SANTA BARBARA COTTAGE HOSPITAL #420514,Emergency Department
751 SOUTH BASCOM AVENUE,SAN JOSE,95128,SANTA CLARA,GENERAL ACUTE CARE HOSPITAL,OPEN,1-Jan-53,SANTA CLARA VALLEY MEDICAL CENTER #430883,Emergency Department
1250 16TH STREET,SANTA MONICA,90404,LOS ANGELES,GENERAL ACUTE CARE HOSPITAL,OPEN,1-Jan-46,SANTA MONICA - UCLA MEDICAL CENTER AND ORTHOPAEDIC HOSPITAL #190687,Emergency Department
2050 VIBORG ROAD,SOLVANG,93463,SANTA BARBARA,GENERAL ACUTE CARE HOSPITAL,OPEN,2-Nov-64,SANTA YNEZ VALLEY COTTAGE HOSPITAL #420522,Emergency Department
354 SANTA FE DRIVE,ENCINITAS,92024,SAN DIEGO,GENERAL ACUTE CARE HOSPITAL,OPEN,16-Jun-64,SCRIPPS MEMORIAL HOSPITAL - ENCINITAS #371394,Emergency Department
9888 GENESEE AVENUE,LA JOLLA,92037,SAN DIEGO,GENERAL ACUTE CARE HOSPITAL,OPEN,3-May-64,SCRIPPS MEMORIAL HOSPITAL - LA JOLLA #370771,Emergency Department
4077 FIFTH AVENUE,SAN DIEGO,92103,SAN DIEGO,GENERAL ACUTE CARE HOSPITAL,OPEN,1-Jan-46,SCRIPPS MERCY HOSPITAL #370744,Emergency Department
130 BRENTWOOD DRIVE,CHESTER,96020,PLUMAS,GENERAL ACUTE CARE HOSPITAL,OPEN,1-Jan-53,SENECA DISTRICT HOSPITAL #321016,Emergency Department
170 ALAMEDA DE LAS PULGAS,REDWOOD CITY,94062,SAN MATEO,GENERAL ACUTE CARE HOSPITAL,OPEN,17-Oct-50,SEQUOIA HOSPITAL #410891,Emergency Department
751 MEDICAL CENTER COURT,CHULA VISTA,91911,SAN DIEGO,GENERAL ACUTE CARE HOSPITAL,OPEN,27-May-75,SHARP CHULA VISTA MEDICAL CENTER #370875,Emergency Department
250 PROSPECT PLACE,CORONADO,92118,SAN DIEGO,GENERAL ACUTE CARE HOSPITAL,OPEN,1-Jan-46,SHARP CORONADO HOSPITAL AND HEALTHCARE CENTER #370689,Emergency Department
7901 FROST STREET,SAN DIEGO,92123,SAN DIEGO,GENERAL ACUTE CARE HOSPITAL,OPEN,1-Nov-74,SHARP MEMORIAL HOSPITAL #370694,Emergency Department
1100 BUTTE STREET,REDDING,96001,SHASTA,GENERAL ACUTE CARE HOSPITAL,OPEN,2-Apr-46,SHASTA REGIONAL MEDICAL CENTER #450940,Emergency Department
4929 VAN NUYS BOULEVARD,SHERMAN OAKS,91403,LOS ANGELES,GENERAL ACUTE CARE HOSPITAL,OPEN,5-Mar-58,SHERMAN OAKS HOSPITAL  #190708,Emergency Department
155 GLASSON WAY,GRASS VALLEY,95945,NEVADA,GENERAL ACUTE CARE HOSPITAL,OPEN,24-Dec-58,SIERRA NEVADA MEMORIAL HOSPITAL #291023,Emergency Department
465 WEST PUTNAM AVENUE,PORTERVILLE,93257,TULARE,GENERAL ACUTE CARE HOSPITAL,OPEN,11-Feb-58,SIERRA VIEW MEDICAL CENTER #540798,Emergency Department
347 ANDRIEUX STREET,SONOMA,95476,SONOMA,GENERAL ACUTE CARE HOSPITAL,OPEN,26-Jul-57,SONOMA VALLEY HOSPITAL #491076,Emergency Department
2701 S. BRISTOL STREET,SANTA ANA,92704,ORANGE,GENERAL ACUTE CARE HOSPITAL,OPEN,7-Jun-73,SOUTH COAST GLOBAL MEDICAL CENTER #301258,Emergency Department
3828 DELMAS TERRACE,CULVER CITY,90232,LOS ANGELES,GENERAL ACUTE CARE HOSPITAL,OPEN,1-Jan-13,SOUTHERN CALIFORNIA HOSPITAL AT CULVER CITY #190110,Emergency Department
25500 MEDICAL CENTER DRIVE,MURRIETA,92562,RIVERSIDE,GENERAL ACUTE CARE HOSPITAL,OPEN,19-Feb-92,SOUTHWEST HEALTHCARE RANCHO SPRINGS HOSPITAL #334068,Emergency Department
1303 EAST HERNDON AVENUE,FRESNO,93720,FRESNO,GENERAL ACUTE CARE HOSPITAL,OPEN,22-Mar-75,ST. AGNES MEDICAL CENTER #100899,Emergency Department
2101 NORTH WATERMAN AVENUE,SAN BERNARDINO,92404,SAN BERNARDINO,GENERAL ACUTE CARE HOSPITAL,OPEN,1-Jan-46,ST. BERNARDINE MEDICAL CENTER #361339,Emergency Department
2550 SISTER MARY COLUMBA DRIVE,RED BLUFF,96080,TEHAMA,GENERAL ACUTE CARE HOSPITAL,OPEN,20-Mar-46,ST. ELIZABETH COMMUNITY HOSPITAL #521041,Emergency Department
3630 E. IMPERIAL HIGHWAY,LYNWOOD,90262,LOS ANGELES,GENERAL ACUTE CARE HOSPITAL,OPEN,1-Jan-46,ST. FRANCIS MEDICAL CENTER #190754,Emergency Department
2309 ANTONIO AVENUE,CAMARILLO,93010,VENTURA,GENERAL ACUTE CARE HOSPITAL,OPEN,31-Jan-20,ST. JOHN'S HOSPITAL CAMARILLO #560508,Emergency Department
1600 NORTH ROSE AVENUE,OXNARD,93030,VENTURA,GENERAL ACUTE CARE HOSPITAL,OPEN,1-Jan-53,ST. JOHNS REGIONAL MEDICAL CENTER #560529,Emergency Department
1800 NORTH CALIFORNIA STREET,STOCKTON,95204,SAN JOAQUIN,GENERAL ACUTE CARE HOSPITAL,OPEN,28-Mar-46,ST. JOSEPH'S MEDICAL CENTER OF STOCKTON #391042,Emergency Department
9400 NO NAME UNO,GILROY,95020,SANTA CLARA,GENERAL ACUTE CARE HOSPITAL,OPEN,1-Mar-19,ST. LOUISE REGIONAL HOSPITAL #434138,Emergency Department
1050 LINDEN AVENUE,LONG BEACH,90813,LOS ANGELES,GENERAL ACUTE CARE HOSPITAL,OPEN,1-Jan-46,ST. MARY MEDICAL CENTER - LONG BEACH #190053,Emergency Department
27200 CALAROGA AVENUE,HAYWARD,94545,ALAMEDA,GENERAL ACUTE CARE HOSPITAL,OPEN,10-Oct-62,ST. ROSE HOSPITAL #010967,Emergency Department
300 PASTEUR DRIVE,PALO ALTO,94305,SANTA CLARA,GENERAL ACUTE CARE HOSPITAL,OPEN,1-Jan-48,STANFORD HEALTH CARE #430905,Emergency Department
5555 WEST LAS POSITAS BLVD.,PLEASANTON,94588,ALAMEDA,GENERAL ACUTE CARE HOSPITAL,OPEN,9-Dec-91,STANFORD HEALTH CARE TRI-VALLEY #014050,Emergency Department
200 MISSION BLVD,JACKSON,95642,AMADOR,GENERAL ACUTE CARE HOSPITAL,OPEN,10-Apr-00,SUTTER AMADOR HOSPITAL #034002,Emergency Department
11815 EDUCATION STREET,AUBURN,95602,PLACER,GENERAL ACUTE CARE HOSPITAL,OPEN,30-Jun-66,SUTTER AUBURN FAITH HOSPITAL #310791,Emergency Department
800 EAST WASHINGTON BOULEVARD,CRESCENT CITY,95531,DEL NORTE,GENERAL ACUTE CARE HOSPITAL,OPEN,1-Jan-46,SUTTER COAST HOSPITAL #084001,Emergency Department
2000 SUTTER PLACE,DAVIS,95616,YOLO,GENERAL ACUTE CARE HOSPITAL,OPEN,24-Sep-94,SUTTER DAVIS HOSPITAL #574010,Emergency Department
3901 LONE TREE WAY,ANTIOCH,94509,CONTRA COSTA,GENERAL ACUTE CARE HOSPITAL,OPEN,2-Feb-67,SUTTER DELTA MEDICAL CENTER #070934,Emergency Department
5176 HILL ROAD EAST,LAKEPORT,95453,LAKE,GENERAL ACUTE CARE HOSPITAL,OPEN,28-Apr-78,SUTTER LAKESIDE HOSPITAL #171395,Emergency Department
2825 CAPITOL AVE,SACRAMENTO,95816,SACRAMENTO,GENERAL ACUTE CARE HOSPITAL,OPEN,19-Jun-87,"SUTTER MEDICAL CENTER, SACRAMENTO #341051",Emergency Department
1 MEDICAL PLAZA DRIVE,ROSEVILLE,95661,PLACER,GENERAL ACUTE CARE HOSPITAL,OPEN,19-Jun-97,SUTTER ROSEVILLE MEDICAL CENTER #311000,Emergency Department
30 MARK WEST SPRINGS RD.,SANTA ROSA,95403,SONOMA,GENERAL ACUTE CARE HOSPITAL,OPEN,21-Oct-14,SUTTER SANTA ROSA REGIONAL HOSPITAL #494106,Emergency Department
300 HOSPITAL DRIVE,VALLEJO,94589,SOLANO,GENERAL ACUTE CARE HOSPITAL,OPEN,1-Jan-46,SUTTER SOLANO MEDICAL CENTER #481094,Emergency Department
1420 NORTH TRACY BOULEVARD,TRACY,95376,SAN JOAQUIN,GENERAL ACUTE CARE HOSPITAL,OPEN,1-Jul-48,SUTTER TRACY COMMUNITY HOSPITAL #391056,Emergency Department
10121 PINE AVE,TRUCKEE,96161,NEVADA,GENERAL ACUTE CARE HOSPITAL,OPEN,1-Apr-52,TAHOE FOREST HOSPITAL #291053,Emergency Department
31700 TEMECULA PKWY,TEMECULA,92592,RIVERSIDE,GENERAL ACUTE CARE HOSPITAL,OPEN,9-Oct-13,TEMECULA VALLEY HOSPITAL #334564,Emergency Department
3330 LOMITA BOULEVARD,TORRANCE,90505,LOS ANGELES,GENERAL ACUTE CARE HOSPITAL,OPEN,29-Mar-71,TORRANCE MEMORIAL MEDICAL CENTER #190422,Emergency Department
4002 VISTA WAY,OCEANSIDE,92056,SAN DIEGO,GENERAL ACUTE CARE HOSPITAL,OPEN,11-Jul-61,TRI-CITY MEDICAL CENTER #370780,Emergency Department
60 EASTER AVENUE,WEAVERVILLE,96093,TRINITY,GENERAL ACUTE CARE HOSPITAL,OPEN,1-Jul-53,TRINITY HOSPITAL #531059,Emergency Department
200 WEST ARBOR DRIVE,SAN DIEGO,92103,SAN DIEGO,GENERAL ACUTE CARE HOSPITAL,OPEN,1-Jul-53,UC SAN DIEGO HEALTH HILLCREST - HILLCREST MEDICAL CENTER #370782,Emergency Department
17100 EUCLID STREET,FOUNTAIN VALLEY,92708,ORANGE,GENERAL ACUTE CARE HOSPITAL,OPEN,1-Nov-71,UCI HEALTH-FOUNTAIN VALLEY #301175,Emergency Department
3700 SOUTH STREET,LAKEWOOD,90712,LOS ANGELES,GENERAL ACUTE CARE HOSPITAL,OPEN,17-May-72,UCI HEALTH-LAKEWOOD #190240,Emergency Department
3751 KATELLA AVENUE,LOS ALAMITOS,90720,ORANGE,GENERAL ACUTE CARE HOSPITAL,OPEN,22-Nov-68,UCI HEALTH-LOS ALAMITOS #301248,Emergency Department
1301 NORTH ROSE DRIVE,PLACENTIA,92870,ORANGE,GENERAL ACUTE CARE HOSPITAL,OPEN,27-Sep-72,UCI HEALTH-PLACENTIA LINDA #301297,Emergency Department
7300 MEDICAL CENTER DRIVE,WEST HILLS,91307,LOS ANGELES,GENERAL ACUTE CARE HOSPITAL,OPEN,7-Nov-62,UCLA WEST VALLEY MEDICAL CENTER #190859,Emergency Department
747 52ND STREET,OAKLAND,94609,ALAMEDA,GENERAL ACUTE CARE HOSPITAL,OPEN,1-Jan-46,UCSF BENIOFF CHILDREN'S HOSPITAL OAKLAND #010776,Emergency Department
900 HYDE STREET,SAN FRANCISCO,94109,SAN FRANCISCO,GENERAL ACUTE CARE HOSPITAL,OPEN,1-Jan-46,UCSF HEALTH - SAINT FRANCIS HOSPITAL #380960,Emergency Department
450 STANYAN STREET,SAN FRANCISCO,94117,SAN FRANCISCO,GENERAL ACUTE CARE HOSPITAL,OPEN,1-Jan-46,UCSF HEALTH - ST. MARY'S HOSPITAL #380965,Emergency Department
505 PARNASSUS AVENUE,SAN FRANCISCO,94143,SAN FRANCISCO,GENERAL ACUTE CARE HOSPITAL,OPEN,1-Jan-17,UCSF MEDICAL CENTER #381154,Emergency Department
2315 STOCKTON BOULEVARD,SACRAMENTO,95817,SACRAMENTO,GENERAL ACUTE CARE HOSPITAL,OPEN,26-Aug-53,UNIVERSITY OF CALIFORNIA DAVIS MEDICAL CENTER #341006,Emergency Department
101 CITY DRIVE SOUTH,ORANGE,92868,ORANGE,GENERAL ACUTE CARE HOSPITAL,OPEN,1-Jul-53,UNIVERSITY OF CALIFORNIA IRVINE MEDICAL CENTER #301279,Emergency Department
300 WEST HUNTINGTON DRIVE,ARCADIA,91007,LOS ANGELES,GENERAL ACUTE CARE HOSPITAL,OPEN,23-May-57,USC ARCADIA HOSPITAL #190529,Emergency Department
1812 VERDUGO BOULEVARD,GLENDALE,91208,LOS ANGELES,GENERAL ACUTE CARE HOSPITAL,OPEN,8-Dec-72,USC VERDUGO HILLS HOSPITAL #190818,Emergency Department
9300 VALLEY CHILDREN'S PLACE,MADERA,93636,MADERA,GENERAL ACUTE CARE HOSPITAL,OPEN,31-Aug-98,VALLEY CHILDREN'S HOSPITAL #204019,Emergency Department
15107 VANOWEN STREET,VAN NUYS,91405,LOS ANGELES,GENERAL ACUTE CARE HOSPITAL,OPEN,21-Jan-58,VALLEY PRESBYTERIAN HOSPITAL #190812,Emergency Department
300 HILLMONT AVE,VENTURA,93003,VENTURA,GENERAL ACUTE CARE HOSPITAL,OPEN,1-Jul-53,VENTURA COUNTY MEDICAL CENTER #560481,Emergency Department
15248 ELEVENTH STREET,VICTORVILLE,92395,SAN BERNARDINO,GENERAL ACUTE CARE HOSPITAL,OPEN,13-Nov-64,VICTOR VALLEY GLOBAL MEDICAL CENTER #361370,Emergency Department
2000 MOWRY AVENUE,FREMONT,94538,ALAMEDA,GENERAL ACUTE CARE HOSPITAL,OPEN,19-Nov-58,WASHINGTON HOSPITAL - FREMONT #010987,Emergency Department
75 NIELSON STREET,WATSONVILLE,95076,SANTA CRUZ,GENERAL ACUTE CARE HOSPITAL,OPEN,24-Apr-98,WATSONVILLE COMMUNITY HOSPITAL #444013,Emergency Department
3033 WEST ORANGE AVENUE,ANAHEIM,92804,ORANGE,GENERAL ACUTE CARE HOSPITAL,OPEN,5-Aug-64,WEST ANAHEIM MEDICAL CENTER #301379,Emergency Department
9080 COLIMA ROAD,WHITTIER,90605,LOS ANGELES,GENERAL ACUTE CARE HOSPITAL,OPEN,5-May-57,WHITTIER HOSPITAL MEDICAL CENTER #190883,Emergency Department
1325 COTTONWOOD STREET,WOODLAND,95695,YOLO,GENERAL ACUTE CARE HOSPITAL,OPEN,29-Mar-67,WOODLAND MEMORIAL HOSPITAL #571086,Emergency Department
