SEX,Q1 2024,Q2 2024,Q3 2024,Q4 2024,Facility,Report
Error/Unknown,0,0,0,1,ADVENTIST HEALTH SONORA - GREENLEY #554011,Ambulatory Surgery
Error/Unknown,0,0,1,1,ADVENTIST HEALTH WHITE MEMORIAL #190878,Ambulatory Surgery
Error/Unknown,1,0,0,0,ALAMEDA HOSPITAL #010735,Ambulatory Surgery
Error/Unknown,1,1,1,0,HIGHLAND HOSPITAL #010846,Ambulatory Surgery
Error/Unknown,0,3,4,5,MARINHEALTH MEDICAL CENTER #211006,Ambulatory Surgery
Error/Unknown,0,0,2,1,MARSHALL MEDICAL CENTER #090933,Ambulatory Surgery
Error/Unknown,0,0,2,2,SANTA BARBARA COTTAGE HOSPITAL #420514,Ambulatory Surgery
Error/Unknown,1,0,0,1,SCRIPPS HEALTH ASC JEFFERSON #370642,Ambulatory Surgery
Female,435,483,506,527,ADVANCED ENDOSCOPY CENTER #244032,Ambulatory Surgery
Female,486,489,471,498,ADVENTIST HEALTH AND RIDEOUT #580996,Ambulatory Surgery
Female,1618,1819,1784,1787,ADVENTIST HEALTH BAKERSFIELD #150788,Ambulatory Surgery
Female,259,324,291,266,ADVENTIST HEALTH CLEARLAKE #171049,Ambulatory Surgery
Female,181,195,161,187,ADVENTIST HEALTH DELANO #150706,Ambulatory Surgery
Female,769,845,799,932,ADVENTIST HEALTH GLENDALE #190323,Ambulatory Surgery
Female,1557,1835,1614,1575,ADVENTIST HEALTH HANFORD #164029,Ambulatory Surgery
Female,158,109,117,99,ADVENTIST HEALTH HOWARD MEMORIAL #234038,Ambulatory Surgery
Female,763,704,670,656,ADVENTIST HEALTH LODI MEMORIAL #390923,Ambulatory Surgery
Female,164,132,125,143,ADVENTIST HEALTH MENDOCINO COAST #231013,Ambulatory Surgery
Female,59,60,44,76,ADVENTIST HEALTH REEDLEY #100797,Ambulatory Surgery
Female,588,584,488,474,ADVENTIST HEALTH SIERRA VISTA #400524,Ambulatory Surgery
Female,364,387,378,372,ADVENTIST HEALTH SIMI VALLEY #560525,Ambulatory Surgery
Female,951,920,922,839,ADVENTIST HEALTH SONORA - GREENLEY #554011,Ambulatory Surgery
Female,683,774,767,611,ADVENTIST HEALTH ST. HELENA #281078,Ambulatory Surgery
Female,71,60,77,76,ADVENTIST HEALTH TEHACHAPI VALLEY #154168,Ambulatory Surgery
Female,830,885,840,833,ADVENTIST HEALTH UKIAH VALLEY #231396,Ambulatory Surgery
Female,1540,1531,1570,1442,ADVENTIST HEALTH WHITE MEMORIAL #190878,Ambulatory Surgery
Female,268,103,371,,ADVENTIST HEALTH WHITE MEMORIAL MONTEBELLO #190081,Ambulatory Surgery
Female,19,30,21,24,AESTHETICARE OUTPATIENT SURGERY CENTER #304093,Ambulatory Surgery
Female,474,558,480,463,AHMC ANAHEIM REGIONAL MEDICAL CENTER #301098,Ambulatory Surgery
Female,363,390,397,377,AHMC SETON MEDICAL CENTER #410817,Ambulatory Surgery
Female,272,277,136,119,ALAMEDA HOSPITAL #010735,Ambulatory Surgery
Female,183,162,215,185,ALHAMBRA HOSPITAL MEDICAL CENTER #190017,Ambulatory Surgery
Female,244,220,230,149,ALL KIDS DENTAL SURGERY CENTER #154169,Ambulatory Surgery
Female,768,866,812,854,ALTA BATES SUMMIT MEDICAL CENTER #010937,Ambulatory Surgery
Female,64,108,95,92,ANAHEIM GLOBAL MEDICAL CENTER #301188,Ambulatory Surgery
Female,418,425,397,431,ARROWHEAD REGIONAL MEDICAL CENTER #364231,Ambulatory Surgery
Female,1176,1268,1181,1123,BAKERSFIELD MEMORIAL HOSPITAL #150722,Ambulatory Surgery
Female,63,62,55,64,BANNER LASSEN MEDICAL CENTER #184008,Ambulatory Surgery
Female,78,69,51,39,"BARNES DENTAL SURGERY CENTER, INC. #544088",Ambulatory Surgery
Female,421,452,419,454,BARTON MEMORIAL HOSPITAL #090793,Ambulatory Surgery
Female,164,157,162,152,BAY AREA DENTAL SURGERY CENTER #434211,Ambulatory Surgery
Female,3,11,13,15,BEAR VALLEY COMMUNITY HOSPITAL #361110,Ambulatory Surgery
Female,37,42,57,46,"BEVERLY HILLS INTEGRATED SURGICAL, INC. #197833",Ambulatory Surgery
Female,781,750,874,764,CALIFORNIA HOSPITAL MEDICAL CENTER - LOS ANGELES #190125,Ambulatory Surgery
Female,426,479,444,497,CALIFORNIA PACIFIC MEDICAL CENTER - DAVIES CAMPUS HOSPITAL #380933,Ambulatory Surgery
Female,265,250,265,257,CALIFORNIA PACIFIC MEDICAL CENTER - MISSION BERNAL CAMPUS #384202,Ambulatory Surgery
Female,1545,1551,1658,1591,CALIFORNIA PACIFIC MEDICAL CENTER - VAN NESS CAMPUS #384176,Ambulatory Surgery
Female,447,497,499,473,CASA COLINA HOSPITAL #190137,Ambulatory Surgery
Female,370,374,375,388,CEDARS-SINAI MARINA HOSPITAL #190500,Ambulatory Surgery
Female,2458,2526,2634,2608,CEDARS-SINAI MEDICAL CENTER #190555,Ambulatory Surgery
Female,63,53,58,74,CENTINELA HOSPITAL MEDICAL CENTER #190148,Ambulatory Surgery
Female,132,163,164,162,CENTRAL CALIFORNIA DENTAL SURGERY CENTER #244030,Ambulatory Surgery
Female,83,73,68,73,CHAPMAN GLOBAL MEDICAL CENTER #301140,Ambulatory Surgery
Female,39,37,36,34,CHILDREN'S HOSPITAL AT MISSION #304113,Ambulatory Surgery
Female,1431,1510,1619,1444,CHILDREN'S HOSPITAL OF LOS ANGELES #190170,Ambulatory Surgery
Female,1110,1067,1079,1078,CHILDREN'S HOSPITAL OF ORANGE COUNTY #300032,Ambulatory Surgery
Female,367,385,370,349,CHINESE HOSPITAL #382715,Ambulatory Surgery
Female,64,76,68,50,CHINO VALLEY MEDICAL CENTER #361144,Ambulatory Surgery
Female,1797,2229,2208,2202,CITY OF HOPE HELFORD CLINICAL RESEARCH HOSPITAL #190176,Ambulatory Surgery
Female,131,98,111,120,COAST PLAZA HOSPITAL #190766,Ambulatory Surgery
Female,36,96,95,80,COLLEGE HOSPITAL COSTA MESA #301155,Ambulatory Surgery
Female,127,158,106,53,COLLEGE MEDICAL CENTER #190587,Ambulatory Surgery
Female,9,1,7,4,COLORADO RIVER MEDICAL CENTER #361458,Ambulatory Surgery
Female,31,88,108,83,COLUSA MEDICAL CENTER #060870,Ambulatory Surgery
Female,22,13,21,25,COMMUNITY HOSPITAL OF HUNTINGTON PARK  #190197,Ambulatory Surgery
Female,330,339,341,382,COMMUNITY HOSPITAL OF SAN BERNARDINO #361323,Ambulatory Surgery
Female,1261,1245,1151,1247,COMMUNITY HOSPITAL OF THE MONTEREY PENINSULA #270744,Ambulatory Surgery
Female,3472,3765,3634,3579,COMMUNITY REGIONAL MEDICAL CENTER-FRESNO #100717,Ambulatory Surgery
Female,654,730,766,670,CONTRA COSTA REGIONAL MEDICAL CENTER #070924,Ambulatory Surgery
Female,582,598,567,493,CORONA REGIONAL MEDICAL CENTER-MAIN #331152,Ambulatory Surgery
Female,423,540,569,640,DAMERON HOSPITAL #390846,Ambulatory Surgery
Female,211,171,187,170,DELTA SURGICAL #394088,Ambulatory Surgery
Female,616,688,661,602,DESERT REGIONAL MEDICAL CENTER #331164,Ambulatory Surgery
Female,227,227,270,274,DESERT VALLEY HOSPITAL #364144,Ambulatory Surgery
Female,7,15,12,6,DOCS SURGICAL HOSPITAL #190681,Ambulatory Surgery
Female,602,596,723,745,DOCTORS HOSPITAL OF MANTECA #392287,Ambulatory Surgery
Female,349,340,384,326,DOCTORS HOSPITAL OF RIVERSIDE #331293,Ambulatory Surgery
Female,2042,2272,2261,2452,DOCTORS MEDICAL CENTER #500852,Ambulatory Surgery
Female,601,623,623,610,DOMINICAN HOSPITAL #440755,Ambulatory Surgery
Female,204,202,223,205,EAST LOS ANGELES DOCTORS HOSPITAL #190256,Ambulatory Surgery
Female,25,17,26,27,EASTERN PLUMAS HOSPITAL-PORTOLA CAMPUS #320859,Ambulatory Surgery
Female,379,430,425,417,EDEN MEDICAL CENTER #014233,Ambulatory Surgery
Female,3252,3442,3203,3209,EISENHOWER MEDICAL CENTER #331168,Ambulatory Surgery
Female,2326,2203,2485,2515,EL CAMINO HEALTH #430763,Ambulatory Surgery
Female,584,564,553,515,EL CENTRO REGIONAL MEDICAL CENTER #130699,Ambulatory Surgery
Female,499,482,488,458,EMANATE HEALTH FOOTHILL PRESBYTERIAN HOSPITAL #190298,Ambulatory Surgery
Female,305,294,323,318,EMANATE HEALTH INTER-COMMUNITY HOSPITAL #190413,Ambulatory Surgery
Female,653,781,807,813,EMANATE HEALTH QUEEN OF THE VALLEY HOSPITAL #190636,Ambulatory Surgery
Female,1010,1046,1072,1021,EMANUEL MEDICAL CENTER #500867,Ambulatory Surgery
Female,19,10,10,8,ENCINO HOSPITAL MEDICAL CENTER #190280,Ambulatory Surgery
Female,2409,2630,2750,2690,ENLOE HEALTH #040962,Ambulatory Surgery
Female,536,617,656,665,FAIRCHILD MEDICAL CENTER #474007,Ambulatory Surgery
Female,209,167,153,149,FOOTHILL REGIONAL MEDICAL CENTER #301357,Ambulatory Surgery
Female,766,757,699,801,FRENCH HOSPITAL MEDICAL CENTER #400480,Ambulatory Surgery
Female,691,619,647,577,FRESNO DENTAL SURGERY CENTER - A VALLARINE DENTAL PRACTICE #105047,Ambulatory Surgery
Female,863,876,813,821,FRESNO SURGICAL HOSPITAL #104047,Ambulatory Surgery
Female,29,7,13,7,GARDEN GROVE HOSPITAL AND MEDICAL CENTER #301283,Ambulatory Surgery
Female,469,515,495,459,GARFIELD MEDICAL CENTER #190315,Ambulatory Surgery
Female,198,166,194,190,GEORGE L. MEE MEMORIAL HOSPITAL #270777,Ambulatory Surgery
Female,672,753,786,740,GLENDALE MEMORIAL HOSPITAL AND HEALTH CENTER #190522,Ambulatory Surgery
Female,303,276,241,264,GOLETA VALLEY COTTAGE HOSPITAL #420483,Ambulatory Surgery
Female,13,14,13,10,GOOD SAMARITAN HOSPITAL-BAKERSFIELD #150775,Ambulatory Surgery
Female,1092,1210,1189,1309,GOOD SAMARITAN HOSPITAL-SAN JOSE #430779,Ambulatory Surgery
Female,132,103,140,121,GRACE SURGERY CENTER #424085,Ambulatory Surgery
Female,6,9,12,8,GREATER EL MONTE COMMUNITY HOSPITAL #190352,Ambulatory Surgery
Female,1746,1885,1879,1883,GROSSMONT HOSPITAL #370714,Ambulatory Surgery
Female,304,362,376,307,"HAPY BEAR SURGERY, LLC #544086",Ambulatory Surgery
Female,207,208,206,240,HAZEL HAWKINS MEMORIAL HOSPITAL #350784,Ambulatory Surgery
Female,111,143,118,106,HEALDSBURG HOSPITAL #490964,Ambulatory Surgery
Female,128,103,114,93,HEMET GLOBAL MEDICAL CENTER #331194,Ambulatory Surgery
Female,562,560,607,587,HENRY MAYO NEWHALL HOSPITAL #190949,Ambulatory Surgery
Female,52,41,28,25,HI-DESERT MEDICAL CENTER #362041,Ambulatory Surgery
Female,260,263,213,197,HIGH DESERT HEALTH SYSTEM AMBULATORY SURGICAL CENTER #197943,Ambulatory Surgery
Female,1048,948,1140,1012,HIGHLAND HOSPITAL #010846,Ambulatory Surgery
Female,3330,2930,3229,3443,HOAG MEMORIAL HOSPITAL PRESBYTERIAN #301205,Ambulatory Surgery
Female,600,514,490,554,HOAG ORTHOPEDIC INSTITUTE #304460,Ambulatory Surgery
Female,757,774,723,786,HOLLYWOOD PRESBYTERIAN MEDICAL CENTER #190382,Ambulatory Surgery
Female,5,1,2,8,HUNTINGTON BEACH HOSPITAL #301209,Ambulatory Surgery
Female,1089,1107,1123,1297,HUNTINGTON HOSPITAL #190400,Ambulatory Surgery
Female,206,246,294,247,INDIO SURGERY CENTER INC. #334578,Ambulatory Surgery
Female,9,10,15,16,JOHN C FREMONT HEALTHCARE DISTRICT #220733,Ambulatory Surgery
Female,482,521,519,521,JOHN F. KENNEDY MEMORIAL HOSPITAL #331216,Ambulatory Surgery
Female,777,790,788,796,JOHN MUIR MEDICAL CENTER-CONCORD CAMPUS #071018,Ambulatory Surgery
Female,1030,1037,1083,1052,JOHN MUIR MEDICAL CENTER-WALNUT CREEK CAMPUS #070988,Ambulatory Surgery
Female,1018,1027,1095,1058,KAISER FOUNDATION HOSPITAL & REHAB CENTER - VALLEJO #480989,Ambulatory Surgery
Female,961,1003,983,970,KAISER FOUNDATION HOSPITAL - ANTIOCH  #074097,Ambulatory Surgery
Female,3728,3843,3771,3727,KAISER FOUNDATION HOSPITAL - BALDWIN PARK #196035,Ambulatory Surgery
Female,2514,2693,2611,2620,KAISER FOUNDATION HOSPITAL - DOWNEY #196403,Ambulatory Surgery
Female,3927,4037,4030,4116,KAISER FOUNDATION HOSPITAL - FONTANA #361223,Ambulatory Surgery
Female,1779,1954,1907,1971,KAISER FOUNDATION HOSPITAL - FRESNO #104062,Ambulatory Surgery
Female,2529,2624,2512,2483,KAISER FOUNDATION HOSPITAL - LOS ANGELES #190429,Ambulatory Surgery
Female,1968,2093,2079,1936,KAISER FOUNDATION HOSPITAL - MANTECA #394009,Ambulatory Surgery
Female,1485,1467,1472,1453,KAISER FOUNDATION HOSPITAL - MORENO VALLEY #334048,Ambulatory Surgery
Female,3016,3173,3167,3059,KAISER FOUNDATION HOSPITAL - OAKLAND/RICHMOND #014326,Ambulatory Surgery
Female,3026,3209,3136,3061,KAISER FOUNDATION HOSPITAL - ORANGE COUNTY - ANAHEIM #304409,Ambulatory Surgery
Female,1213,1227,1198,1216,KAISER FOUNDATION HOSPITAL - PANORAMA CITY #190432,Ambulatory Surgery
Female,1030,1097,1105,1039,KAISER FOUNDATION HOSPITAL - FREMONT #014132,Ambulatory Surgery
Female,619,643,645,616,KAISER FOUNDATION HOSPITAL - REDWOOD CITY #414139,Ambulatory Surgery
Female,1001,1104,1075,1038,KAISER FOUNDATION HOSPITAL - RIVERSIDE #334025,Ambulatory Surgery
Female,2047,2170,2015,2099,KAISER FOUNDATION HOSPITAL - ROSEVILLE #314024,Ambulatory Surgery
Female,2196,2280,2263,2171,KAISER FOUNDATION HOSPITAL - SACRAMENTO #340913,Ambulatory Surgery
Female,3387,3386,3084,3185,KAISER FOUNDATION HOSPITAL - SAN DIEGO - ZION #370730,Ambulatory Surgery
Female,2171,2121,2051,1944,KAISER FOUNDATION HOSPITAL - SAN FRANCISCO #380857,Ambulatory Surgery
Female,1538,1544,1567,1467,KAISER FOUNDATION HOSPITAL - SAN JOSE #431506,Ambulatory Surgery
Female,1608,1695,1780,1701,KAISER FOUNDATION HOSPITAL - SAN LEANDRO #014337,Ambulatory Surgery
Female,1334,1393,1281,1255,KAISER FOUNDATION HOSPITAL - SAN MARCOS #370028,Ambulatory Surgery
Female,654,695,695,622,KAISER FOUNDATION HOSPITAL - SAN RAFAEL #210992,Ambulatory Surgery
Female,2180,2238,2190,2163,KAISER FOUNDATION HOSPITAL - SANTA CLARA #434153,Ambulatory Surgery
Female,2132,2195,2243,2210,KAISER FOUNDATION HOSPITAL - SANTA ROSA #494019,Ambulatory Surgery
Female,2872,2925,2797,2912,KAISER FOUNDATION HOSPITAL - SOUTH BAY #190431,Ambulatory Surgery
Female,1543,1571,1705,1575,KAISER FOUNDATION HOSPITAL - SOUTH SACRAMENTO #342344,Ambulatory Surgery
Female,645,667,708,622,KAISER FOUNDATION HOSPITAL - SOUTH SAN FRANCISCO #410806,Ambulatory Surgery
Female,1141,1176,1283,1206,KAISER FOUNDATION HOSPITAL - VACAVILLE #484044,Ambulatory Surgery
Female,1783,1898,1816,1717,KAISER FOUNDATION HOSPITAL - WALNUT CREEK #070990,Ambulatory Surgery
Female,1542,1540,1572,1529,KAISER FOUNDATION HOSPITAL - WEST LA #190434,Ambulatory Surgery
Female,1821,1820,1718,1711,KAISER FOUNDATION HOSPITAL - WOODLAND HILLS #191450,Ambulatory Surgery
Female,8,160,258,426,"KAISER FOUNDATION HOSPITALS, AMBULATORY SURGERY CENTER, ANTE #190024",Ambulatory Surgery
Female,1393,1393,1228,1344,KAWEAH HEALTH MEDICAL CENTER #540734,Ambulatory Surgery
Female,2969,3038,3232,3045,KECK HOSPITAL OF USC #194219,Ambulatory Surgery
Female,620,609,657,589,KERN MEDICAL CENTER #150736,Ambulatory Surgery
Female,325,347,376,399,"KERN MEDICAL SURGERY CENTER, LLC. #150421",Ambulatory Surgery
Female,49,38,47,43,L.A. DOWNTOWN MEDICAL CENTER #190661,Ambulatory Surgery
Female,11,9,13,8,LA PALMA INTERCOMMUNITY HOSPITAL #301234,Ambulatory Surgery
Female,889,855,891,840,LAC/HARBOR-UCLA MEDICAL CENTER #191227,Ambulatory Surgery
Female,137,161,139,144,LAC/RANCHO LOS AMIGOS NATIONAL REHAB CENTER #191306,Ambulatory Surgery
Female,511,616,597,534,LOMA LINDA UNIVERSITY CHILDREN'S HOSPITAL #364502,Ambulatory Surgery
Female,3466,3441,3308,3404,LOMA LINDA UNIVERSITY MEDICAL CENTER #361246,Ambulatory Surgery
Female,607,661,660,633,LOMA LINDA UNIVERSITY MEDICAL CENTER-MURRIETA #334589,Ambulatory Surgery
Female,485,553,534,532,LOMPOC VALLEY MEDICAL CENTER #420491,Ambulatory Surgery
Female,25,29,40,38,LOS ANGELES COMMUNITY HOSPITAL #190198,Ambulatory Surgery
Female,879,907,939,891,LOS ANGELES COUNTY OLIVE VIEW-UCLA MEDICAL CENTER #191231,Ambulatory Surgery
Female,1524,1552,1465,1549,LOS ANGELES GENERAL MEDICAL CENTER #191228,Ambulatory Surgery
Female,944,1057,960,975,LOS ROBLES HOSPITAL & MEDICAL CENTER #560492,Ambulatory Surgery
Female,1197,1230,1283,1131,LUCILE PACKARD CHILDREN'S HOSPITAL STANFORD #434040,Ambulatory Surgery
Female,436,378,380,451,MAD RIVER COMMUNITY HOSPITAL #121002,Ambulatory Surgery
Female,193,227,204,236,MAMMOTH HOSPITAL #260011,Ambulatory Surgery
Female,1180,970,1007,950,MARIAN REGIONAL MEDICAL CENTER #420493,Ambulatory Surgery
Female,223,129,143,166,"MARIAN REGIONAL MEDICAL CENTER, ARROYO GRANDE #400466",Ambulatory Surgery
Female,1255,1416,1388,1393,MARINHEALTH MEDICAL CENTER #211006,Ambulatory Surgery
Female,260,340,284,349,MARK TWAIN MEDICAL CENTER #050932,Ambulatory Surgery
Female,1022,1064,1003,1002,MARSHALL MEDICAL CENTER #090933,Ambulatory Surgery
Female,433,432,416,515,"MARTIN LUTHER KING, JR. AMBULATORY SURGERY CENTER #198064",Ambulatory Surgery
Female,4,32,13,26,MAYERS MEMORIAL HOSPITAL #450936,Ambulatory Surgery
Female,130,126,128,120,MEMORIAL HOSPITAL LOS BANOS #240924,Ambulatory Surgery
Female,167,158,148,152,MEMORIAL HOSPITAL OF GARDENA #190521,Ambulatory Surgery
Female,2377,2662,2833,2993,MEMORIAL MEDICAL CENTER - MODESTO #500939,Ambulatory Surgery
Female,1011,957,1037,1038,MEMORIALCARE LONG BEACH MEDICAL CENTER #190525,Ambulatory Surgery
Female,325,269,385,370,MEMORIALCARE MILLER CHILDREN'S & WOMEN'S HOSPITAL LONG BEACH #196168,Ambulatory Surgery
Female,915,933,962,1020,MEMORIALCARE ORANGE COAST MEDICAL CENTER #300225,Ambulatory Surgery
Female,638,610,614,607,MEMORIALCARE SADDLEBACK MEDICAL CENTER #301317,Ambulatory Surgery
Female,2,32,22,49,MENIFEE GLOBAL MEDICAL CENTER #334018,Ambulatory Surgery
Female,1291,1352,1357,1242,MERCY GENERAL HOSPITAL #340947,Ambulatory Surgery
Female,935,1095,988,1039,MERCY HOSPITAL - BAKERSFIELD #150761,Ambulatory Surgery
Female,262,222,205,264,MERCY HOSPITAL OF FOLSOM #344029,Ambulatory Surgery
Female,664,635,715,715,MERCY MEDICAL CENTER - MERCED #240942,Ambulatory Surgery
Female,1028,1039,1084,1062,MERCY MEDICAL CENTER - REDDING #450949,Ambulatory Surgery
Female,209,215,214,199,MERCY MEDICAL CENTER MT. SHASTA #470871,Ambulatory Surgery
Female,710,772,811,796,MERCY SAN JUAN MEDICAL CENTER #340950,Ambulatory Surgery
Female,597,690,724,664,METHODIST HOSPITAL OF SACRAMENTO #340951,Ambulatory Surgery
Female,1605,1555,1649,1592,MILLS-PENINSULA MEDICAL CENTER #410852,Ambulatory Surgery
Female,56,88,90,92,MISSION COMMUNITY HOSPITAL - PANORAMA CAMPUS #190524,Ambulatory Surgery
Female,40,28,30,31,MODOC MEDICAL CENTER #254005,Ambulatory Surgery
Female,6,15,9,13,MONROVIA MEMORIAL HOSPITAL #190541,Ambulatory Surgery
Female,124,131,159,173,MONTCLAIR HOSPITAL MEDICAL CENTER #361166,Ambulatory Surgery
Female,348,351,320,304,MONTEREY PARK HOSPITAL #190547,Ambulatory Surgery
Female,21,12,10,14,MOUNTAINS COMMUNITY HOSPITAL #361266,Ambulatory Surgery
Female,477,413,458,428,NATIVIDAD MEDICAL CENTER #274043,Ambulatory Surgery
Female,613,614,652,627,NORTHBAY MEDICAL CENTER #481357,Ambulatory Surgery
Female,199,193,187,191,NORTHERN INYO HOSPITAL #141273,Ambulatory Surgery
Female,350,375,378,458,NORTHRIDGE HOSPITAL MEDICAL CENTER #190568,Ambulatory Surgery
Female,82,84,98,76,NORWALK COMMUNITY HOSPITAL #190570,Ambulatory Surgery
Female,314,293,258,267,NOVATO COMMUNITY HOSPITAL #214034,Ambulatory Surgery
Female,1036,875,947,618,O'CONNOR HOSPITAL #430837,Ambulatory Surgery
Female,96,117,79,78,OAK VALLEY HOSPITAL DISTRICT #500967,Ambulatory Surgery
Female,255,173,163,174,ORANGE COUNTY GLOBAL MEDICAL CENTER #301566,Ambulatory Surgery
Female,846,876,986,1061,OROVILLE HOSPITAL #040937,Ambulatory Surgery
Female,7,13,14,7,PACIFICA HOSPITAL OF THE VALLEY #190696,Ambulatory Surgery
Female,399,371,378,385,PALMDALE REGIONAL MEDICAL CENTER #196405,Ambulatory Surgery
Female,13,16,27,12,PALO VERDE HOSPITAL #331288,Ambulatory Surgery
Female,443,416,420,437,PALOMAR MEDICAL CENTER  #374382,Ambulatory Surgery
Female,423,401,348,399,PALOMAR MEDICAL CENTER POWAY #370977,Ambulatory Surgery
Female,65,89,87,78,PARADISE VALLEY HOSPITAL #370759,Ambulatory Surgery
Female,135,164,175,208,PATIENTS' HOSPITAL OF REDDING #454013,Ambulatory Surgery
Female,197,207,236,203,PDI SURGERY CENTER #494103,Ambulatory Surgery
Female,313,331,373,351,PETALUMA VALLEY HOSPITAL #491001,Ambulatory Surgery
Female,772,861,964,822,PIH HEALTH GOOD SAMARITAN HOSPITAL #190392,Ambulatory Surgery
Female,929,949,893,803,PIH HEALTH HOSPITAL - DOWNEY #190243,Ambulatory Surgery
Female,3726,3750,3716,3188,PIH HEALTH WHITTIER HOSPITAL #190631,Ambulatory Surgery
Female,515,529,446,406,PIONEERS MEMORIAL HEALTHCARE DISTRICT #130760,Ambulatory Surgery
Female,57,72,66,101,PLUMAS DISTRICT HOSPITAL #320986,Ambulatory Surgery
Female,1513,1666,1584,1497,POMONA VALLEY HOSPITAL MEDICAL CENTER #190630,Ambulatory Surgery
Female,934,1019,971,963,PRISCILLA CHAN & MARK ZUCKERBERG SAN FRANCISCO GENERAL HOSPITAL & TRAUMA CENTER #380939,Ambulatory Surgery
Female,892,810,861,826,PROVIDENCE CEDARS-SINAI TARZANA MEDICAL CENTER #190517,Ambulatory Surgery
Female,1318,1447,1452,1427,PROVIDENCE HOLY CROSS MEDICAL CENTER #190385,Ambulatory Surgery
Female,302,312,225,295,PROVIDENCE LITTLE COMPANY OF MARY MC - SAN PEDRO #190680,Ambulatory Surgery
Female,1835,1781,1810,1887,PROVIDENCE LITTLE COMPANY OF MARY MEDICAL CENTER TORRANCE #190470,Ambulatory Surgery
Female,1305,2479,2567,2415,PROVIDENCE MISSION HOSPITAL #301262,Ambulatory Surgery
Female,213,198,172,171,PROVIDENCE MISSION HOSPITAL - LAGUNA BEACH #301337,Ambulatory Surgery
Female,1137,1179,1181,1173,PROVIDENCE QUEEN OF THE VALLEY MEDICAL CENTER #281047,Ambulatory Surgery
Female,219,260,235,284,PROVIDENCE REDWOOD MEMORIAL HOSPITAL #121051,Ambulatory Surgery
Female,1495,1672,1772,1677,PROVIDENCE SAINT JOSEPH MEDICAL CENTER #190758,Ambulatory Surgery
Female,2053,1925,1970,1855,PROVIDENCE SANTA ROSA MEMORIAL HOSPITAL-MONTGOMERY #491064,Ambulatory Surgery
Female,1559,1555,1531,1498,PROVIDENCE ST. JOSEPH HOSPITAL #301340,Ambulatory Surgery
Female,1472,1294,1403,1550,PROVIDENCE ST. JOSEPH HOSPITAL - EUREKA #121080,Ambulatory Surgery
Female,1750,4475,4469,4065,PROVIDENCE ST. JUDE MEDICAL CENTER #301342,Ambulatory Surgery
Female,1047,1026,1088,892,PROVIDENCE ST. MARY MEDICAL CENTER #361343,Ambulatory Surgery
Female,1746,1901,1907,1871,RADY CHILDREN'S HOSPITAL - SAN DIEGO #370673,Ambulatory Surgery
Female,909,884,908,936,REDLANDS COMMUNITY HOSPITAL #361308,Ambulatory Surgery
Female,305,278,254,312,REDLANDS DENTAL SURGERY CENTER #364122,Ambulatory Surgery
Female,229,234,120,102,REGIONAL MEDICAL CENTER OF SAN JOSE #430705,Ambulatory Surgery
Female,155,162,162,196,RIDGECREST REGIONAL HOSPITAL #150782,Ambulatory Surgery
Female,5,5,1,11,RIDGECREST REGIONAL HOSPITAL AMBULATORY SURGERY CENTER #150798,Ambulatory Surgery
Female,1308,1198,1181,1240,RIVERSIDE COMMUNITY HOSPITAL #331312,Ambulatory Surgery
Female,1651,1571,1611,1558,RIVERSIDE UNIVERSITY HEALTH SYSTEM - MEDICAL CENTER #334487,Ambulatory Surgery
Female,5099,5287,5339,5164,RONALD REAGAN UCLA MEDICAL CENTER #190796,Ambulatory Surgery
Female,1320,1487,1392,1468,SAINT JOHN'S HEALTH CENTER #190756,Ambulatory Surgery
Female,262,283,310,257,SALIDA SURGERY CENTER #504055,Ambulatory Surgery
Female,375,449,426,456,SALINAS VALLEY HEALTH MEDICAL CENTER #270875,Ambulatory Surgery
Female,1172,1142,1164,1160,SAN ANTONIO REGIONAL HOSPITAL #361318,Ambulatory Surgery
Female,251,249,312,231,SAN DIMAS COMMUNITY HOSPITAL #190673,Ambulatory Surgery
Female,285,317,309,271,SAN GABRIEL VALLEY MEDICAL CENTER #190200,Ambulatory Surgery
Female,172,184,148,144,SAN GORGONIO MEMORIAL HOSPITAL #331326,Ambulatory Surgery
Female,432,437,494,451,SAN JOAQUIN GENERAL HOSPITAL #391010,Ambulatory Surgery
Female,99,109,71,71,SAN JOSE DENTAL SURGERY CENTER #434201,Ambulatory Surgery
Female,496,503,525,336,SAN MATEO MEDICAL CENTER #410782,Ambulatory Surgery
Female,611,599,552,591,SAN RAMON REGIONAL MEDICAL CENTER #074017,Ambulatory Surgery
Female,1289,1403,1370,1328,SANTA BARBARA COTTAGE HOSPITAL #420514,Ambulatory Surgery
Female,3410,3380,4091,3943,SANTA CLARA VALLEY MEDICAL CENTER #430883,Ambulatory Surgery
Female,3224,3486,3819,3578,SANTA MONICA - UCLA MEDICAL CENTER AND ORTHOPAEDIC HOSPITAL #190687,Ambulatory Surgery
Female,92,92,99,81,SANTA YNEZ VALLEY COTTAGE HOSPITAL #420522,Ambulatory Surgery
Female,2718,2707,2674,2826,SCRIPPS GREEN HOSPITAL #371256,Ambulatory Surgery
Female,835,890,781,746,SCRIPPS HEALTH ASC JEFFERSON #370642,Ambulatory Surgery
Female,943,996,957,916,SCRIPPS MEMORIAL HOSPITAL - ENCINITAS #371394,Ambulatory Surgery
Female,3150,3118,3086,3005,SCRIPPS MEMORIAL HOSPITAL - LA JOLLA #370771,Ambulatory Surgery
Female,1696,1571,1616,1627,SCRIPPS MERCY HOSPITAL #370744,Ambulatory Surgery
Female,9,15,20,11,SENECA DISTRICT HOSPITAL #321016,Ambulatory Surgery
Female,811,856,853,905,SEQUOIA HOSPITAL #410891,Ambulatory Surgery
Female,1030,1076,1084,980,SHARP CHULA VISTA MEDICAL CENTER #370875,Ambulatory Surgery
Female,458,357,393,399,SHARP CORONADO HOSPITAL AND HEALTHCARE CENTER #370689,Ambulatory Surgery
Female,610,769,769,783,SHARP MARY BIRCH HOSPITAL FOR WOMEN AND NEWBORNS #370695,Ambulatory Surgery
Female,2535,2256,2480,2540,SHARP MEMORIAL HOSPITAL #370694,Ambulatory Surgery
Female,458,397,405,338,SHASTA REGIONAL MEDICAL CENTER #450940,Ambulatory Surgery
Female,15,12,12,16,SHERMAN OAKS HOSPITAL  #190708,Ambulatory Surgery
Female,83,96,91,80,SHRINERS FOR CHILDREN AMBULATORY SURGICAL CENTER #197915,Ambulatory Surgery
Female,137,144,150,159,SHRINERS HOSPITALS FOR CHILDREN NORTHERN CALIF. #344114,Ambulatory Surgery
Female,146,157,143,152,SIERRA NEVADA MEMORIAL HOSPITAL #291023,Ambulatory Surgery
Female,656,692,705,653,SIERRA VIEW MEDICAL CENTER #540798,Ambulatory Surgery
Female,198,181,186,189,SONOMA VALLEY HOSPITAL #491076,Ambulatory Surgery
Female,153,137,122,161,SOUTH COAST GLOBAL MEDICAL CENTER #301258,Ambulatory Surgery
Female,351,398,353,375,SOUTHERN CALIFORNIA HOSPITAL AT CULVER CITY #190110,Ambulatory Surgery
Female,21,23,15,10,SOUTHERN CALIFORNIA HOSPITAL AT HOLLYWOOD #190380,Ambulatory Surgery
Female,511,605,558,603,SOUTHWEST HEALTHCARE RANCHO SPRINGS HOSPITAL #334068,Ambulatory Surgery
Female,2938,3047,2937,2993,ST. AGNES MEDICAL CENTER #100899,Ambulatory Surgery
Female,598,654,655,559,ST. BERNARDINE MEDICAL CENTER #361339,Ambulatory Surgery
Female,300,275,243,275,ST. ELIZABETH COMMUNITY HOSPITAL #521041,Ambulatory Surgery
Female,139,144,125,125,ST. FRANCIS MEDICAL CENTER #190754,Ambulatory Surgery
Female,226,218,230,279,ST. JOHN'S HOSPITAL CAMARILLO #560508,Ambulatory Surgery
Female,946,1001,1028,986,ST. JOHNS REGIONAL MEDICAL CENTER #560529,Ambulatory Surgery
Female,936,945,949,862,ST. JOSEPH'S MEDICAL CENTER OF STOCKTON #391042,Ambulatory Surgery
Female,317,310,235,208,ST. LOUISE REGIONAL HOSPITAL #434138,Ambulatory Surgery
Female,472,481,449,440,ST. MARY MEDICAL CENTER - LONG BEACH #190053,Ambulatory Surgery
Female,115,103,100,94,ST. ROSE HOSPITAL #010967,Ambulatory Surgery
Female,8221,8284,8135,8393,STANFORD HEALTH CARE #430905,Ambulatory Surgery
Female,1770,1941,1938,2129,STANFORD HEALTH CARE TRI-VALLEY #014050,Ambulatory Surgery
Female,490,198,201,889,STANISLAUS SURGICAL HOSPITAL #504038,Ambulatory Surgery
Female,906,1055,1039,906,STOCKTON SURGERY CENTER #394096,Ambulatory Surgery
Female,1607,1790,1618,1838,SURGECENTER OF PALO ALTO #431040,Ambulatory Surgery
Female,1468,1442,1380,1466,SURGERY CENTER FREMONT #014344,Ambulatory Surgery
Female,215,210,190,227,SURGERY CENTER LOS ALTOS #434286,Ambulatory Surgery
Female,2354,2348,2514,2519,SURGERY CENTER MOUNTAIN VIEW #434191,Ambulatory Surgery
Female,1025,1043,1051,1183,SURGERY CENTER SAN CARLOS #414144,Ambulatory Surgery
Female,413,392,341,268,SURGERY CENTER SAN JOSE #434271,Ambulatory Surgery
Female,35,45,55,30,SUTTER AMADOR HOSPITAL #034002,Ambulatory Surgery
Female,564,628,616,582,SUTTER AUBURN FAITH HOSPITAL #310791,Ambulatory Surgery
Female,178,191,145,167,SUTTER COAST HOSPITAL #084001,Ambulatory Surgery
Female,550,578,558,590,SUTTER DAVIS HOSPITAL #574010,Ambulatory Surgery
Female,368,368,346,320,SUTTER DELTA MEDICAL CENTER #070934,Ambulatory Surgery
Female,251,276,264,262,SUTTER LAKESIDE HOSPITAL #171395,Ambulatory Surgery
Female,1658,1561,1526,1706,SUTTER MATERNITY AND SURGERY CENTER OF SANTA CRUZ #444012,Ambulatory Surgery
Female,2414,2434,2477,2604,"SUTTER MEDICAL CENTER, SACRAMENTO #341051",Ambulatory Surgery
Female,1961,1990,1922,1923,SUTTER ROSEVILLE MEDICAL CENTER #311000,Ambulatory Surgery
Female,946,1205,1247,3398,SUTTER SAMARITAN SURGERY CENTER #430021,Ambulatory Surgery
Female,807,894,837,877,SUTTER SANTA ROSA REGIONAL HOSPITAL #494106,Ambulatory Surgery
Female,281,256,252,245,SUTTER SOLANO MEDICAL CENTER #481094,Ambulatory Surgery
Female,262,251,309,325,SUTTER SURGICAL HOSPITAL-NORTH VALLEY #514030,Ambulatory Surgery
Female,468,549,617,578,SUTTER TRACY COMMUNITY HOSPITAL #391056,Ambulatory Surgery
Female,1026,975,932,1200,TAHOE FOREST HOSPITAL #291053,Ambulatory Surgery
Female,219,214,254,209,TEMECULA VALLEY HOSPITAL #334564,Ambulatory Surgery
Female,821,796,871,905,THE SURGERY CENTER AT NORTHBAY VACAVALLEY #484068,Ambulatory Surgery
Female,4587,3945,3163,3209,TORRANCE MEMORIAL MEDICAL CENTER #190422,Ambulatory Surgery
Female,575,678,638,618,TRI-CITY MEDICAL CENTER #370780,Ambulatory Surgery
Female,21,63,52,19,TRINITY HOSPITAL #531059,Ambulatory Surgery
Female,9521,10056,10258,9784,UC SAN DIEGO HEALTH HILLCREST - HILLCREST MEDICAL CENTER #370782,Ambulatory Surgery
Female,500,598,548,600,UCI HEALTH-FOUNTAIN VALLEY #301175,Ambulatory Surgery
Female,628,647,618,645,UCI HEALTH-LAKEWOOD #190240,Ambulatory Surgery
Female,689,712,723,659,UCI HEALTH-PLACENTIA LINDA #301297,Ambulatory Surgery
Female,664,715,651,528,UCSF BENIOFF CHILDREN'S HOSPITAL OAKLAND #010776,Ambulatory Surgery
Female,290,248,230,254,UCSF HEALTH - SAINT FRANCIS HOSPITAL #380960,Ambulatory Surgery
Female,278,286,259,271,UCSF HEALTH - ST. MARY'S HOSPITAL #380965,Ambulatory Surgery
Female,8137,8164,7658,7066,UCSF MEDICAL CENTER #381154,Ambulatory Surgery
Female,4094,4548,4342,4278,UNIVERSITY OF CALIFORNIA DAVIS MEDICAL CENTER #341006,Ambulatory Surgery
Female,3859,3899,4138,4213,UNIVERSITY OF CALIFORNIA IRVINE MEDICAL CENTER #301279,Ambulatory Surgery
Female,941,984,1088,1109,USC ARCADIA HOSPITAL #190529,Ambulatory Surgery
Female,268,268,291,253,USC KENNETH NORRIS JR. CANCER HOSPITAL #191216,Ambulatory Surgery
Female,417,487,524,457,USC VERDUGO HILLS HOSPITAL #190818,Ambulatory Surgery
Female,1134,918,1009,915,VALLEY CHILDREN'S HOSPITAL #204019,Ambulatory Surgery
Female,1015,1118,1079,1047,VALLEY PRESBYTERIAN HOSPITAL #190812,Ambulatory Surgery
Female,964,916,929,934,VENTURA COUNTY MEDICAL CENTER #560481,Ambulatory Surgery
Female,9,4,7,2,VIBRA HOSPITAL OF SACRAMENTO #344035,Ambulatory Surgery
Female,465,469,482,464,VICTOR VALLEY GLOBAL MEDICAL CENTER #361370,Ambulatory Surgery
Female,255,264,268,226,"VISALIA CHILDREN'S DENTAL SURGERY CENTER, INC. #544082",Ambulatory Surgery
Female,395,411,426,424,WASHINGTON HOSPITAL - FREMONT #010987,Ambulatory Surgery
Female,490,480,425,384,WATSONVILLE COMMUNITY HOSPITAL #444013,Ambulatory Surgery
Female,14,7,8,6,WEST ANAHEIM MEDICAL CENTER #301379,Ambulatory Surgery
Female,268,287,336,261,WHITTIER HOSPITAL MEDICAL CENTER #190883,Ambulatory Surgery
Female,986,902,896,948,WOODLAND MEMORIAL HOSPITAL #571086,Ambulatory Surgery
Male,318,407,408,458,ADVANCED ENDOSCOPY CENTER #244032,Ambulatory Surgery
Male,449,466,430,400,ADVENTIST HEALTH AND RIDEOUT #580996,Ambulatory Surgery
Male,1947,2115,1992,1751,ADVENTIST HEALTH BAKERSFIELD #150788,Ambulatory Surgery
Male,221,289,239,241,ADVENTIST HEALTH CLEARLAKE #171049,Ambulatory Surgery
Male,90,92,79,92,ADVENTIST HEALTH DELANO #150706,Ambulatory Surgery
Male,695,751,746,776,ADVENTIST HEALTH GLENDALE #190323,Ambulatory Surgery
Male,1072,1158,1108,991,ADVENTIST HEALTH HANFORD #164029,Ambulatory Surgery
Male,157,93,94,78,ADVENTIST HEALTH HOWARD MEMORIAL #234038,Ambulatory Surgery
Male,648,505,463,500,ADVENTIST HEALTH LODI MEMORIAL #390923,Ambulatory Surgery
Male,136,146,141,141,ADVENTIST HEALTH MENDOCINO COAST #231013,Ambulatory Surgery
Male,594,533,445,450,ADVENTIST HEALTH SIERRA VISTA #400524,Ambulatory Surgery
Male,355,375,327,345,ADVENTIST HEALTH SIMI VALLEY #560525,Ambulatory Surgery
Male,817,831,777,746,ADVENTIST HEALTH SONORA - GREENLEY #554011,Ambulatory Surgery
Male,628,695,691,675,ADVENTIST HEALTH ST. HELENA #281078,Ambulatory Surgery
Male,64,72,73,85,ADVENTIST HEALTH TEHACHAPI VALLEY #154168,Ambulatory Surgery
Male,602,633,580,576,ADVENTIST HEALTH UKIAH VALLEY #231396,Ambulatory Surgery
Male,1080,1164,1138,1077,ADVENTIST HEALTH WHITE MEMORIAL #190878,Ambulatory Surgery
Male,188,97,285,,ADVENTIST HEALTH WHITE MEMORIAL MONTEBELLO #190081,Ambulatory Surgery
Male,0,0,0,1,AESTHETICARE OUTPATIENT SURGERY CENTER #304093,Ambulatory Surgery
Male,443,454,423,413,AHMC ANAHEIM REGIONAL MEDICAL CENTER #301098,Ambulatory Surgery
Male,232,289,249,275,AHMC SETON MEDICAL CENTER #410817,Ambulatory Surgery
Male,147,129,59,65,ALAMEDA HOSPITAL #010735,Ambulatory Surgery
Male,175,156,183,122,ALHAMBRA HOSPITAL MEDICAL CENTER #190017,Ambulatory Surgery
Male,289,278,269,170,ALL KIDS DENTAL SURGERY CENTER #154169,Ambulatory Surgery
Male,555,581,653,644,ALTA BATES SUMMIT MEDICAL CENTER #010937,Ambulatory Surgery
Male,46,71,30,53,ANAHEIM GLOBAL MEDICAL CENTER #301188,Ambulatory Surgery
Male,367,405,383,398,ARROWHEAD REGIONAL MEDICAL CENTER #364231,Ambulatory Surgery
Male,872,944,940,867,BAKERSFIELD MEMORIAL HOSPITAL #150722,Ambulatory Surgery
Male,61,59,47,62,BANNER LASSEN MEDICAL CENTER #184008,Ambulatory Surgery
Male,83,75,68,48,"BARNES DENTAL SURGERY CENTER, INC. #544088",Ambulatory Surgery
Male,397,421,400,446,BARTON MEMORIAL HOSPITAL #090793,Ambulatory Surgery
Male,208,215,211,204,BAY AREA DENTAL SURGERY CENTER #434211,Ambulatory Surgery
Male,4,9,6,18,BEAR VALLEY COMMUNITY HOSPITAL #361110,Ambulatory Surgery
Male,224,176,187,170,"BEVERLY HILLS INTEGRATED SURGICAL, INC. #197833",Ambulatory Surgery
Male,415,417,466,422,CALIFORNIA HOSPITAL MEDICAL CENTER - LOS ANGELES #190125,Ambulatory Surgery
Male,408,386,418,412,CALIFORNIA PACIFIC MEDICAL CENTER - DAVIES CAMPUS HOSPITAL #380933,Ambulatory Surgery
Male,199,198,192,224,CALIFORNIA PACIFIC MEDICAL CENTER - MISSION BERNAL CAMPUS #384202,Ambulatory Surgery
Male,1284,1377,1413,1385,CALIFORNIA PACIFIC MEDICAL CENTER - VAN NESS CAMPUS #384176,Ambulatory Surgery
Male,302,328,319,302,CASA COLINA HOSPITAL #190137,Ambulatory Surgery
Male,397,468,407,464,CEDARS-SINAI MARINA HOSPITAL #190500,Ambulatory Surgery
Male,2593,2667,2665,2704,CEDARS-SINAI MEDICAL CENTER #190555,Ambulatory Surgery
Male,33,50,38,44,CENTINELA HOSPITAL MEDICAL CENTER #190148,Ambulatory Surgery
Male,149,168,207,176,CENTRAL CALIFORNIA DENTAL SURGERY CENTER #244030,Ambulatory Surgery
Male,58,54,50,47,CHAPMAN GLOBAL MEDICAL CENTER #301140,Ambulatory Surgery
Male,51,58,77,60,CHILDREN'S HOSPITAL AT MISSION #304113,Ambulatory Surgery
Male,2115,2178,2309,2108,CHILDREN'S HOSPITAL OF LOS ANGELES #190170,Ambulatory Surgery
Male,1804,1798,1727,1684,CHILDREN'S HOSPITAL OF ORANGE COUNTY #300032,Ambulatory Surgery
Male,301,349,339,358,CHINESE HOSPITAL #382715,Ambulatory Surgery
Male,75,90,96,94,CHINO VALLEY MEDICAL CENTER #361144,Ambulatory Surgery
Male,1161,1542,1495,1523,CITY OF HOPE HELFORD CLINICAL RESEARCH HOSPITAL #190176,Ambulatory Surgery
Male,97,80,86,83,COAST PLAZA HOSPITAL #190766,Ambulatory Surgery
Male,103,94,37,101,COLLEGE HOSPITAL COSTA MESA #301155,Ambulatory Surgery
Male,85,102,60,44,COLLEGE MEDICAL CENTER #190587,Ambulatory Surgery
Male,9,3,7,1,COLORADO RIVER MEDICAL CENTER #361458,Ambulatory Surgery
Male,24,67,58,67,COLUSA MEDICAL CENTER #060870,Ambulatory Surgery
Male,18,15,26,21,COMMUNITY HOSPITAL OF HUNTINGTON PARK  #190197,Ambulatory Surgery
Male,135,176,167,156,COMMUNITY HOSPITAL OF SAN BERNARDINO #361323,Ambulatory Surgery
Male,1280,1390,1257,1206,COMMUNITY HOSPITAL OF THE MONTEREY PENINSULA #270744,Ambulatory Surgery
Male,2865,3092,3002,2912,COMMUNITY REGIONAL MEDICAL CENTER-FRESNO #100717,Ambulatory Surgery
Male,452,474,461,438,CONTRA COSTA REGIONAL MEDICAL CENTER #070924,Ambulatory Surgery
Male,380,367,378,358,CORONA REGIONAL MEDICAL CENTER-MAIN #331152,Ambulatory Surgery
Male,437,464,442,531,DAMERON HOSPITAL #390846,Ambulatory Surgery
Male,216,180,233,168,DELTA SURGICAL #394088,Ambulatory Surgery
Male,471,584,548,445,DESERT REGIONAL MEDICAL CENTER #331164,Ambulatory Surgery
Male,194,228,203,211,DESERT VALLEY HOSPITAL #364144,Ambulatory Surgery
Male,24,16,13,11,DOCS SURGICAL HOSPITAL #190681,Ambulatory Surgery
Male,545,555,587,610,DOCTORS HOSPITAL OF MANTECA #392287,Ambulatory Surgery
Male,165,178,173,134,DOCTORS HOSPITAL OF RIVERSIDE #331293,Ambulatory Surgery
Male,1553,1682,1684,1832,DOCTORS MEDICAL CENTER #500852,Ambulatory Surgery
Male,689,690,670,722,DOMINICAN HOSPITAL #440755,Ambulatory Surgery
Male,123,122,122,141,EAST LOS ANGELES DOCTORS HOSPITAL #190256,Ambulatory Surgery
Male,17,13,20,19,EASTERN PLUMAS HOSPITAL-PORTOLA CAMPUS #320859,Ambulatory Surgery
Male,273,322,334,304,EDEN MEDICAL CENTER #014233,Ambulatory Surgery
Male,3212,3230,3158,3175,EISENHOWER MEDICAL CENTER #331168,Ambulatory Surgery
Male,2043,2131,2053,2245,EL CAMINO HEALTH #430763,Ambulatory Surgery
Male,491,528,447,471,EL CENTRO REGIONAL MEDICAL CENTER #130699,Ambulatory Surgery
Male,406,397,392,375,EMANATE HEALTH FOOTHILL PRESBYTERIAN HOSPITAL #190298,Ambulatory Surgery
Male,288,311,308,296,EMANATE HEALTH INTER-COMMUNITY HOSPITAL #190413,Ambulatory Surgery
Male,474,540,543,534,EMANATE HEALTH QUEEN OF THE VALLEY HOSPITAL #190636,Ambulatory Surgery
Male,752,769,803,784,EMANUEL MEDICAL CENTER #500867,Ambulatory Surgery
Male,7,8,17,4,ENCINO HOSPITAL MEDICAL CENTER #190280,Ambulatory Surgery
Male,2140,2286,2295,2287,ENLOE HEALTH #040962,Ambulatory Surgery
Male,300,306,375,383,FAIRCHILD MEDICAL CENTER #474007,Ambulatory Surgery
Male,157,157,123,129,FOOTHILL REGIONAL MEDICAL CENTER #301357,Ambulatory Surgery
Male,860,837,792,844,FRENCH HOSPITAL MEDICAL CENTER #400480,Ambulatory Surgery
Male,739,739,749,569,FRESNO DENTAL SURGERY CENTER - A VALLARINE DENTAL PRACTICE #105047,Ambulatory Surgery
Male,695,691,614,627,FRESNO SURGICAL HOSPITAL #104047,Ambulatory Surgery
Male,20,12,6,5,GARDEN GROVE HOSPITAL AND MEDICAL CENTER #301283,Ambulatory Surgery
Male,374,391,406,363,GARFIELD MEDICAL CENTER #190315,Ambulatory Surgery
Male,111,97,134,138,GEORGE L. MEE MEMORIAL HOSPITAL #270777,Ambulatory Surgery
Male,627,650,656,701,GLENDALE MEMORIAL HOSPITAL AND HEALTH CENTER #190522,Ambulatory Surgery
Male,290,292,261,258,GOLETA VALLEY COTTAGE HOSPITAL #420483,Ambulatory Surgery
Male,8,10,8,13,GOOD SAMARITAN HOSPITAL-BAKERSFIELD #150775,Ambulatory Surgery
Male,1057,1084,976,1006,GOOD SAMARITAN HOSPITAL-SAN JOSE #430779,Ambulatory Surgery
Male,133,116,151,126,GRACE SURGERY CENTER #424085,Ambulatory Surgery
Male,0,0,3,4,GREATER EL MONTE COMMUNITY HOSPITAL #190352,Ambulatory Surgery
Male,1511,1722,1813,1673,GROSSMONT HOSPITAL #370714,Ambulatory Surgery
Male,326,396,366,374,"HAPY BEAR SURGERY, LLC #544086",Ambulatory Surgery
Male,129,184,200,162,HAZEL HAWKINS MEMORIAL HOSPITAL #350784,Ambulatory Surgery
Male,102,121,106,91,HEALDSBURG HOSPITAL #490964,Ambulatory Surgery
Male,140,132,114,74,HEMET GLOBAL MEDICAL CENTER #331194,Ambulatory Surgery
Male,460,539,597,595,HENRY MAYO NEWHALL HOSPITAL #190949,Ambulatory Surgery
Male,39,29,10,15,HI-DESERT MEDICAL CENTER #362041,Ambulatory Surgery
Male,177,126,111,108,HIGH DESERT HEALTH SYSTEM AMBULATORY SURGICAL CENTER #197943,Ambulatory Surgery
Male,971,982,1071,890,HIGHLAND HOSPITAL #010846,Ambulatory Surgery
Male,2801,2323,2441,2525,HOAG MEMORIAL HOSPITAL PRESBYTERIAN #301205,Ambulatory Surgery
Male,477,424,407,463,HOAG ORTHOPEDIC INSTITUTE #304460,Ambulatory Surgery
Male,592,580,591,601,HOLLYWOOD PRESBYTERIAN MEDICAL CENTER #190382,Ambulatory Surgery
Male,6,3,0,9,HUNTINGTON BEACH HOSPITAL #301209,Ambulatory Surgery
Male,956,941,1085,1153,HUNTINGTON HOSPITAL #190400,Ambulatory Surgery
Male,282,299,291,280,INDIO SURGERY CENTER INC. #334578,Ambulatory Surgery
Male,11,6,2,4,JOHN C FREMONT HEALTHCARE DISTRICT #220733,Ambulatory Surgery
Male,369,337,367,336,JOHN F. KENNEDY MEMORIAL HOSPITAL #331216,Ambulatory Surgery
Male,933,940,962,961,JOHN MUIR MEDICAL CENTER-CONCORD CAMPUS #071018,Ambulatory Surgery
Male,604,647,680,706,JOHN MUIR MEDICAL CENTER-WALNUT CREEK CAMPUS #070988,Ambulatory Surgery
Male,845,933,847,899,KAISER FOUNDATION HOSPITAL & REHAB CENTER - VALLEJO #480989,Ambulatory Surgery
Male,717,704,661,695,KAISER FOUNDATION HOSPITAL - ANTIOCH  #074097,Ambulatory Surgery
Male,2986,2896,2964,2944,KAISER FOUNDATION HOSPITAL - BALDWIN PARK #196035,Ambulatory Surgery
Male,1779,1732,1779,1755,KAISER FOUNDATION HOSPITAL - DOWNEY #196403,Ambulatory Surgery
Male,3074,3013,3020,3200,KAISER FOUNDATION HOSPITAL - FONTANA #361223,Ambulatory Surgery
Male,1295,1385,1322,1340,KAISER FOUNDATION HOSPITAL - FRESNO #104062,Ambulatory Surgery
Male,2653,2572,2628,2593,KAISER FOUNDATION HOSPITAL - LOS ANGELES #190429,Ambulatory Surgery
Male,1589,1560,1614,1616,KAISER FOUNDATION HOSPITAL - MANTECA #394009,Ambulatory Surgery
Male,930,969,984,1002,KAISER FOUNDATION HOSPITAL - MORENO VALLEY #334048,Ambulatory Surgery
Male,2357,2667,2654,2563,KAISER FOUNDATION HOSPITAL - OAKLAND/RICHMOND #014326,Ambulatory Surgery
Male,2463,2577,2637,2642,KAISER FOUNDATION HOSPITAL - ORANGE COUNTY - ANAHEIM #304409,Ambulatory Surgery
Male,920,967,991,962,KAISER FOUNDATION HOSPITAL - PANORAMA CITY #190432,Ambulatory Surgery
Male,975,1016,998,929,KAISER FOUNDATION HOSPITAL - FREMONT #014132,Ambulatory Surgery
Male,627,689,634,628,KAISER FOUNDATION HOSPITAL - REDWOOD CITY #414139,Ambulatory Surgery
Male,721,738,722,681,KAISER FOUNDATION HOSPITAL - RIVERSIDE #334025,Ambulatory Surgery
Male,1923,2050,1965,2011,KAISER FOUNDATION HOSPITAL - ROSEVILLE #314024,Ambulatory Surgery
Male,1530,1647,1567,1641,KAISER FOUNDATION HOSPITAL - SACRAMENTO #340913,Ambulatory Surgery
Male,2726,2659,2435,2451,KAISER FOUNDATION HOSPITAL - SAN DIEGO - ZION #370730,Ambulatory Surgery
Male,2055,2145,2105,2002,KAISER FOUNDATION HOSPITAL - SAN FRANCISCO #380857,Ambulatory Surgery
Male,1321,1356,1259,1288,KAISER FOUNDATION HOSPITAL - SAN JOSE #431506,Ambulatory Surgery
Male,1174,1210,1384,1290,KAISER FOUNDATION HOSPITAL - SAN LEANDRO #014337,Ambulatory Surgery
Male,934,948,867,911,KAISER FOUNDATION HOSPITAL - SAN MARCOS #370028,Ambulatory Surgery
Male,529,524,496,552,KAISER FOUNDATION HOSPITAL - SAN RAFAEL #210992,Ambulatory Surgery
Male,2099,2207,2221,2252,KAISER FOUNDATION HOSPITAL - SANTA CLARA #434153,Ambulatory Surgery
Male,1757,1906,1865,1871,KAISER FOUNDATION HOSPITAL - SANTA ROSA #494019,Ambulatory Surgery
Male,1848,1754,1682,1749,KAISER FOUNDATION HOSPITAL - SOUTH BAY #190431,Ambulatory Surgery
Male,1147,1105,1150,1247,KAISER FOUNDATION HOSPITAL - SOUTH SACRAMENTO #342344,Ambulatory Surgery
Male,556,543,508,523,KAISER FOUNDATION HOSPITAL - SOUTH SAN FRANCISCO #410806,Ambulatory Surgery
Male,1020,1067,1076,1092,KAISER FOUNDATION HOSPITAL - VACAVILLE #484044,Ambulatory Surgery
Male,1529,1581,1579,1491,KAISER FOUNDATION HOSPITAL - WALNUT CREEK #070990,Ambulatory Surgery
Male,956,940,923,969,KAISER FOUNDATION HOSPITAL - WEST LA #190434,Ambulatory Surgery
Male,1363,1379,1300,1291,KAISER FOUNDATION HOSPITAL - WOODLAND HILLS #191450,Ambulatory Surgery
Male,11,144,161,316,"KAISER FOUNDATION HOSPITALS, AMBULATORY SURGERY CENTER, ANTE #190024",Ambulatory Surgery
Male,1255,1180,1097,1143,KAWEAH HEALTH MEDICAL CENTER #540734,Ambulatory Surgery
Male,3060,3106,3214,2932,KECK HOSPITAL OF USC #194219,Ambulatory Surgery
Male,472,480,496,477,KERN MEDICAL CENTER #150736,Ambulatory Surgery
Male,246,259,263,326,"KERN MEDICAL SURGERY CENTER, LLC. #150421",Ambulatory Surgery
Male,2,2,,,KERN VALLEY HEALTHCARE DISTRICT #150737,Ambulatory Surgery
Male,62,59,57,46,L.A. DOWNTOWN MEDICAL CENTER #190661,Ambulatory Surgery
Male,13,6,8,3,LA PALMA INTERCOMMUNITY HOSPITAL #301234,Ambulatory Surgery
Male,866,843,924,862,LAC/HARBOR-UCLA MEDICAL CENTER #191227,Ambulatory Surgery
Male,136,132,137,121,LAC/RANCHO LOS AMIGOS NATIONAL REHAB CENTER #191306,Ambulatory Surgery
Male,549,765,680,751,LOMA LINDA UNIVERSITY CHILDREN'S HOSPITAL #364502,Ambulatory Surgery
Male,3072,3030,2891,2960,LOMA LINDA UNIVERSITY MEDICAL CENTER #361246,Ambulatory Surgery
Male,487,553,505,497,LOMA LINDA UNIVERSITY MEDICAL CENTER-MURRIETA #334589,Ambulatory Surgery
Male,426,449,407,457,LOMPOC VALLEY MEDICAL CENTER #420491,Ambulatory Surgery
Male,23,32,29,29,LOS ANGELES COMMUNITY HOSPITAL #190198,Ambulatory Surgery
Male,807,781,862,840,LOS ANGELES COUNTY OLIVE VIEW-UCLA MEDICAL CENTER #191231,Ambulatory Surgery
Male,1536,1580,1518,1537,LOS ANGELES GENERAL MEDICAL CENTER #191228,Ambulatory Surgery
Male,1053,1030,991,994,LOS ROBLES HOSPITAL & MEDICAL CENTER #560492,Ambulatory Surgery
Male,1454,1565,1705,1565,LUCILE PACKARD CHILDREN'S HOSPITAL STANFORD #434040,Ambulatory Surgery
Male,276,280,256,298,MAD RIVER COMMUNITY HOSPITAL #121002,Ambulatory Surgery
Male,224,237,232,237,MAMMOTH HOSPITAL #260011,Ambulatory Surgery
Male,1040,931,905,902,MARIAN REGIONAL MEDICAL CENTER #420493,Ambulatory Surgery
Male,181,128,157,191,"MARIAN REGIONAL MEDICAL CENTER, ARROYO GRANDE #400466",Ambulatory Surgery
Male,1051,1140,1216,1144,MARINHEALTH MEDICAL CENTER #211006,Ambulatory Surgery
Male,223,221,301,288,MARK TWAIN MEDICAL CENTER #050932,Ambulatory Surgery
Male,716,722,720,793,MARSHALL MEDICAL CENTER #090933,Ambulatory Surgery
Male,381,386,399,385,"MARTIN LUTHER KING, JR. AMBULATORY SURGERY CENTER #198064",Ambulatory Surgery
Male,6,21,16,18,MAYERS MEMORIAL HOSPITAL #450936,Ambulatory Surgery
Male,74,92,67,69,MEMORIAL HOSPITAL LOS BANOS #240924,Ambulatory Surgery
Male,120,103,107,102,MEMORIAL HOSPITAL OF GARDENA #190521,Ambulatory Surgery
Male,1849,1978,2000,2008,MEMORIAL MEDICAL CENTER - MODESTO #500939,Ambulatory Surgery
Male,616,651,694,650,MEMORIALCARE LONG BEACH MEDICAL CENTER #190525,Ambulatory Surgery
Male,467,467,554,484,MEMORIALCARE MILLER CHILDREN'S & WOMEN'S HOSPITAL LONG BEACH #196168,Ambulatory Surgery
Male,861,825,916,866,MEMORIALCARE ORANGE COAST MEDICAL CENTER #300225,Ambulatory Surgery
Male,595,513,573,574,MEMORIALCARE SADDLEBACK MEDICAL CENTER #301317,Ambulatory Surgery
Male,3,12,14,14,MENIFEE GLOBAL MEDICAL CENTER #334018,Ambulatory Surgery
Male,1388,1336,1338,1337,MERCY GENERAL HOSPITAL #340947,Ambulatory Surgery
Male,599,719,599,658,MERCY HOSPITAL - BAKERSFIELD #150761,Ambulatory Surgery
Male,146,142,140,183,MERCY HOSPITAL OF FOLSOM #344029,Ambulatory Surgery
Male,490,466,507,537,MERCY MEDICAL CENTER - MERCED #240942,Ambulatory Surgery
Male,899,1010,1006,1040,MERCY MEDICAL CENTER - REDDING #450949,Ambulatory Surgery
Male,219,200,199,193,MERCY MEDICAL CENTER MT. SHASTA #470871,Ambulatory Surgery
Male,569,575,563,552,MERCY SAN JUAN MEDICAL CENTER #340950,Ambulatory Surgery
Male,408,436,400,392,METHODIST HOSPITAL OF SACRAMENTO #340951,Ambulatory Surgery
Male,1225,1266,1239,1353,MILLS-PENINSULA MEDICAL CENTER #410852,Ambulatory Surgery
Male,90,81,73,88,MISSION COMMUNITY HOSPITAL - PANORAMA CAMPUS #190524,Ambulatory Surgery
Male,29,31,30,36,MODOC MEDICAL CENTER #254005,Ambulatory Surgery
Male,16,20,12,8,MONROVIA MEMORIAL HOSPITAL #190541,Ambulatory Surgery
Male,80,85,97,108,MONTCLAIR HOSPITAL MEDICAL CENTER #361166,Ambulatory Surgery
Male,236,260,208,221,MONTEREY PARK HOSPITAL #190547,Ambulatory Surgery
Male,29,15,11,11,MOUNTAINS COMMUNITY HOSPITAL #361266,Ambulatory Surgery
Male,299,360,317,319,NATIVIDAD MEDICAL CENTER #274043,Ambulatory Surgery
Male,533,518,479,504,NORTHBAY MEDICAL CENTER #481357,Ambulatory Surgery
Male,166,163,161,182,NORTHERN INYO HOSPITAL #141273,Ambulatory Surgery
Male,401,447,420,445,NORTHRIDGE HOSPITAL MEDICAL CENTER #190568,Ambulatory Surgery
Male,48,61,63,40,NORWALK COMMUNITY HOSPITAL #190570,Ambulatory Surgery
Male,279,220,237,241,NOVATO COMMUNITY HOSPITAL #214034,Ambulatory Surgery
Male,1013,658,788,1252,O'CONNOR HOSPITAL #430837,Ambulatory Surgery
Male,61,88,64,70,OAK VALLEY HOSPITAL DISTRICT #500967,Ambulatory Surgery
Male,123,86,118,86,ORANGE COUNTY GLOBAL MEDICAL CENTER #301566,Ambulatory Surgery
Male,817,783,736,878,OROVILLE HOSPITAL #040937,Ambulatory Surgery
Male,1,5,2,1,PACIFICA HOSPITAL OF THE VALLEY #190696,Ambulatory Surgery
Male,308,327,294,321,PALMDALE REGIONAL MEDICAL CENTER #196405,Ambulatory Surgery
Male,35,33,36,38,PALO VERDE HOSPITAL #331288,Ambulatory Surgery
Male,476,472,431,449,PALOMAR MEDICAL CENTER  #374382,Ambulatory Surgery
Male,301,284,303,332,PALOMAR MEDICAL CENTER POWAY #370977,Ambulatory Surgery
Male,77,95,107,89,PARADISE VALLEY HOSPITAL #370759,Ambulatory Surgery
Male,98,88,89,90,PATIENTS' HOSPITAL OF REDDING #454013,Ambulatory Surgery
Male,193,217,236,229,PDI SURGERY CENTER #494103,Ambulatory Surgery
Male,275,263,298,265,PETALUMA VALLEY HOSPITAL #491001,Ambulatory Surgery
Male,710,743,880,694,PIH HEALTH GOOD SAMARITAN HOSPITAL #190392,Ambulatory Surgery
Male,789,694,730,650,PIH HEALTH HOSPITAL - DOWNEY #190243,Ambulatory Surgery
Male,2471,2649,2551,2307,PIH HEALTH WHITTIER HOSPITAL #190631,Ambulatory Surgery
Male,453,354,300,305,PIONEERS MEMORIAL HEALTHCARE DISTRICT #130760,Ambulatory Surgery
Male,80,99,71,71,PLUMAS DISTRICT HOSPITAL #320986,Ambulatory Surgery
Male,1026,1065,993,1023,POMONA VALLEY HOSPITAL MEDICAL CENTER #190630,Ambulatory Surgery
Male,1087,1072,1080,1083,PRISCILLA CHAN & MARK ZUCKERBERG SAN FRANCISCO GENERAL HOSPITAL & TRAUMA CENTER #380939,Ambulatory Surgery
Male,686,628,672,653,PROVIDENCE CEDARS-SINAI TARZANA MEDICAL CENTER #190517,Ambulatory Surgery
Male,833,849,871,803,PROVIDENCE HOLY CROSS MEDICAL CENTER #190385,Ambulatory Surgery
Male,187,242,137,186,PROVIDENCE LITTLE COMPANY OF MARY MC - SAN PEDRO #190680,Ambulatory Surgery
Male,1006,1022,1021,1001,PROVIDENCE LITTLE COMPANY OF MARY MEDICAL CENTER TORRANCE #190470,Ambulatory Surgery
Male,1354,2474,2487,2434,PROVIDENCE MISSION HOSPITAL #301262,Ambulatory Surgery
Male,168,144,159,148,PROVIDENCE MISSION HOSPITAL - LAGUNA BEACH #301337,Ambulatory Surgery
Male,674,689,672,629,PROVIDENCE QUEEN OF THE VALLEY MEDICAL CENTER #281047,Ambulatory Surgery
Male,216,206,179,248,PROVIDENCE REDWOOD MEMORIAL HOSPITAL #121051,Ambulatory Surgery
Male,975,959,952,904,PROVIDENCE SAINT JOSEPH MEDICAL CENTER #190758,Ambulatory Surgery
Male,1556,1648,1635,1544,PROVIDENCE SANTA ROSA MEMORIAL HOSPITAL-MONTGOMERY #491064,Ambulatory Surgery
Male,1386,1388,1390,1263,PROVIDENCE ST. JOSEPH HOSPITAL #301340,Ambulatory Surgery
Male,947,931,981,1091,PROVIDENCE ST. JOSEPH HOSPITAL - EUREKA #121080,Ambulatory Surgery
Male,1204,3122,3198,2960,PROVIDENCE ST. JUDE MEDICAL CENTER #301342,Ambulatory Surgery
Male,740,831,756,693,PROVIDENCE ST. MARY MEDICAL CENTER #361343,Ambulatory Surgery
Male,2516,2727,2765,2775,RADY CHILDREN'S HOSPITAL - SAN DIEGO #370673,Ambulatory Surgery
Male,551,551,514,559,REDLANDS COMMUNITY HOSPITAL #361308,Ambulatory Surgery
Male,398,338,376,407,REDLANDS DENTAL SURGERY CENTER #364122,Ambulatory Surgery
Male,226,253,142,101,REGIONAL MEDICAL CENTER OF SAN JOSE #430705,Ambulatory Surgery
Male,125,139,117,141,RIDGECREST REGIONAL HOSPITAL #150782,Ambulatory Surgery
Male,5,2,1,8,RIDGECREST REGIONAL HOSPITAL AMBULATORY SURGERY CENTER #150798,Ambulatory Surgery
Male,925,911,912,894,RIVERSIDE COMMUNITY HOSPITAL #331312,Ambulatory Surgery
Male,1258,1175,1184,1077,RIVERSIDE UNIVERSITY HEALTH SYSTEM - MEDICAL CENTER #334487,Ambulatory Surgery
Male,4395,4671,4636,4444,RONALD REAGAN UCLA MEDICAL CENTER #190796,Ambulatory Surgery
Male,1137,1147,1120,1084,SAINT JOHN'S HEALTH CENTER #190756,Ambulatory Surgery
Male,312,291,349,318,SALIDA SURGERY CENTER #504055,Ambulatory Surgery
Male,277,299,294,319,SALINAS VALLEY HEALTH MEDICAL CENTER #270875,Ambulatory Surgery
Male,841,864,943,901,SAN ANTONIO REGIONAL HOSPITAL #361318,Ambulatory Surgery
Male,147,133,181,170,SAN DIMAS COMMUNITY HOSPITAL #190673,Ambulatory Surgery
Male,211,176,176,213,SAN GABRIEL VALLEY MEDICAL CENTER #190200,Ambulatory Surgery
Male,167,129,132,80,SAN GORGONIO MEMORIAL HOSPITAL #331326,Ambulatory Surgery
Male,671,728,766,742,SAN JOAQUIN GENERAL HOSPITAL #391010,Ambulatory Surgery
Male,94,95,90,75,SAN JOSE DENTAL SURGERY CENTER #434201,Ambulatory Surgery
Male,405,344,366,244,SAN MATEO MEDICAL CENTER #410782,Ambulatory Surgery
Male,513,511,510,554,SAN RAMON REGIONAL MEDICAL CENTER #074017,Ambulatory Surgery
Male,1370,1423,1398,1299,SANTA BARBARA COTTAGE HOSPITAL #420514,Ambulatory Surgery
Male,2097,2847,3354,2274,SANTA CLARA VALLEY MEDICAL CENTER #430883,Ambulatory Surgery
Male,2666,2935,3125,3050,SANTA MONICA - UCLA MEDICAL CENTER AND ORTHOPAEDIC HOSPITAL #190687,Ambulatory Surgery
Male,73,99,76,66,SANTA YNEZ VALLEY COTTAGE HOSPITAL #420522,Ambulatory Surgery
Male,2138,2027,1984,2118,SCRIPPS GREEN HOSPITAL #371256,Ambulatory Surgery
Male,753,764,684,573,SCRIPPS HEALTH ASC JEFFERSON #370642,Ambulatory Surgery
Male,722,750,702,755,SCRIPPS MEMORIAL HOSPITAL - ENCINITAS #371394,Ambulatory Surgery
Male,2188,2332,2332,2304,SCRIPPS MEMORIAL HOSPITAL - LA JOLLA #370771,Ambulatory Surgery
Male,1292,1275,1358,1407,SCRIPPS MERCY HOSPITAL #370744,Ambulatory Surgery
Male,24,25,37,33,SENECA DISTRICT HOSPITAL #321016,Ambulatory Surgery
Male,806,799,799,824,SEQUOIA HOSPITAL #410891,Ambulatory Surgery
Male,638,676,711,635,SHARP CHULA VISTA MEDICAL CENTER #370875,Ambulatory Surgery
Male,417,350,357,377,SHARP CORONADO HOSPITAL AND HEALTHCARE CENTER #370689,Ambulatory Surgery
Male,2191,2037,2077,2425,SHARP MEMORIAL HOSPITAL #370694,Ambulatory Surgery
Male,529,364,381,321,SHASTA REGIONAL MEDICAL CENTER #450940,Ambulatory Surgery
Male,12,20,10,12,SHERMAN OAKS HOSPITAL  #190708,Ambulatory Surgery
Male,82,124,123,121,SHRINERS FOR CHILDREN AMBULATORY SURGICAL CENTER #197915,Ambulatory Surgery
Male,148,166,209,214,SHRINERS HOSPITALS FOR CHILDREN NORTHERN CALIF. #344114,Ambulatory Surgery
Male,96,83,91,97,SIERRA NEVADA MEMORIAL HOSPITAL #291023,Ambulatory Surgery
Male,483,553,510,498,SIERRA VIEW MEDICAL CENTER #540798,Ambulatory Surgery
Male,173,159,157,198,SONOMA VALLEY HOSPITAL #491076,Ambulatory Surgery
Male,101,94,72,83,SOUTH COAST GLOBAL MEDICAL CENTER #301258,Ambulatory Surgery
Male,298,336,285,312,SOUTHERN CALIFORNIA HOSPITAL AT CULVER CITY #190110,Ambulatory Surgery
Male,7,4,5,3,SOUTHERN CALIFORNIA HOSPITAL AT HOLLYWOOD #190380,Ambulatory Surgery
Male,350,335,319,320,SOUTHWEST HEALTHCARE RANCHO SPRINGS HOSPITAL #334068,Ambulatory Surgery
Male,2286,2540,2447,2420,ST. AGNES MEDICAL CENTER #100899,Ambulatory Surgery
Male,507,529,508,490,ST. BERNARDINE MEDICAL CENTER #361339,Ambulatory Surgery
Male,203,191,188,191,ST. ELIZABETH COMMUNITY HOSPITAL #521041,Ambulatory Surgery
Male,56,72,81,48,ST. FRANCIS MEDICAL CENTER #190754,Ambulatory Surgery
Male,180,167,190,215,ST. JOHN'S HOSPITAL CAMARILLO #560508,Ambulatory Surgery
Male,813,876,835,831,ST. JOHNS REGIONAL MEDICAL CENTER #560529,Ambulatory Surgery
Male,994,983,941,951,ST. JOSEPH'S MEDICAL CENTER OF STOCKTON #391042,Ambulatory Surgery
Male,334,251,215,217,ST. LOUISE REGIONAL HOSPITAL #434138,Ambulatory Surgery
Male,336,348,351,288,ST. MARY MEDICAL CENTER - LONG BEACH #190053,Ambulatory Surgery
Male,101,85,76,96,ST. ROSE HOSPITAL #010967,Ambulatory Surgery
Male,6808,7036,6921,6836,STANFORD HEALTH CARE #430905,Ambulatory Surgery
Male,1455,1564,1559,1772,STANFORD HEALTH CARE TRI-VALLEY #014050,Ambulatory Surgery
Male,320,167,141,628,STANISLAUS SURGICAL HOSPITAL #504038,Ambulatory Surgery
Male,623,675,694,600,STOCKTON SURGERY CENTER #394096,Ambulatory Surgery
Male,1433,1541,1528,1570,SURGECENTER OF PALO ALTO #431040,Ambulatory Surgery
Male,1146,1178,1221,1214,SURGERY CENTER FREMONT #014344,Ambulatory Surgery
Male,40,22,18,19,SURGERY CENTER LOS ALTOS #434286,Ambulatory Surgery
Male,2115,2157,2047,2250,SURGERY CENTER MOUNTAIN VIEW #434191,Ambulatory Surgery
Male,875,974,808,977,SURGERY CENTER SAN CARLOS #414144,Ambulatory Surgery
Male,1,8,0,4,SURGERY CENTER SAN JOSE #434271,Ambulatory Surgery
Male,23,37,30,23,SUTTER AMADOR HOSPITAL #034002,Ambulatory Surgery
Male,569,640,625,643,SUTTER AUBURN FAITH HOSPITAL #310791,Ambulatory Surgery
Male,143,170,132,159,SUTTER COAST HOSPITAL #084001,Ambulatory Surgery
Male,375,446,422,490,SUTTER DAVIS HOSPITAL #574010,Ambulatory Surgery
Male,288,296,291,285,SUTTER DELTA MEDICAL CENTER #070934,Ambulatory Surgery
Male,160,185,174,180,SUTTER LAKESIDE HOSPITAL #171395,Ambulatory Surgery
Male,1222,1108,1087,1247,SUTTER MATERNITY AND SURGERY CENTER OF SANTA CRUZ #444012,Ambulatory Surgery
Male,1919,2122,2109,2184,"SUTTER MEDICAL CENTER, SACRAMENTO #341051",Ambulatory Surgery
Male,1448,1481,1495,1490,SUTTER ROSEVILLE MEDICAL CENTER #311000,Ambulatory Surgery
Male,946,1113,1178,3237,SUTTER SAMARITAN SURGERY CENTER #430021,Ambulatory Surgery
Male,653,647,714,741,SUTTER SANTA ROSA REGIONAL HOSPITAL #494106,Ambulatory Surgery
Male,236,208,222,223,SUTTER SOLANO MEDICAL CENTER #481094,Ambulatory Surgery
Male,210,147,162,196,SUTTER SURGICAL HOSPITAL-NORTH VALLEY #514030,Ambulatory Surgery
Male,408,470,545,516,SUTTER TRACY COMMUNITY HOSPITAL #391056,Ambulatory Surgery
Male,712,720,716,806,TAHOE FOREST HOSPITAL #291053,Ambulatory Surgery
Male,227,239,266,216,TEMECULA VALLEY HOSPITAL #334564,Ambulatory Surgery
Male,670,632,691,641,THE SURGERY CENTER AT NORTHBAY VACAVALLEY #484068,Ambulatory Surgery
Male,3328,3172,2664,2660,TORRANCE MEMORIAL MEDICAL CENTER #190422,Ambulatory Surgery
Male,617,663,650,677,TRI-CITY MEDICAL CENTER #370780,Ambulatory Surgery
Male,28,65,48,29,TRINITY HOSPITAL #531059,Ambulatory Surgery
Male,7873,7976,8198,7989,UC SAN DIEGO HEALTH HILLCREST - HILLCREST MEDICAL CENTER #370782,Ambulatory Surgery
Male,397,453,460,500,UCI HEALTH-FOUNTAIN VALLEY #301175,Ambulatory Surgery
Male,506,563,567,610,UCI HEALTH-LAKEWOOD #190240,Ambulatory Surgery
Male,613,619,597,571,UCI HEALTH-PLACENTIA LINDA #301297,Ambulatory Surgery
Male,944,1019,936,794,UCSF BENIOFF CHILDREN'S HOSPITAL OAKLAND #010776,Ambulatory Surgery
Male,187,184,155,186,UCSF HEALTH - SAINT FRANCIS HOSPITAL #380960,Ambulatory Surgery
Male,287,302,316,318,UCSF HEALTH - ST. MARY'S HOSPITAL #380965,Ambulatory Surgery
Male,6881,6935,6721,6166,UCSF MEDICAL CENTER #381154,Ambulatory Surgery
Male,3485,3460,3610,3508,UNIVERSITY OF CALIFORNIA DAVIS MEDICAL CENTER #341006,Ambulatory Surgery
Male,3401,3540,3878,4131,UNIVERSITY OF CALIFORNIA IRVINE MEDICAL CENTER #301279,Ambulatory Surgery
Male,842,799,870,869,USC ARCADIA HOSPITAL #190529,Ambulatory Surgery
Male,509,448,504,460,USC KENNETH NORRIS JR. CANCER HOSPITAL #191216,Ambulatory Surgery
Male,489,456,459,475,USC VERDUGO HILLS HOSPITAL #190818,Ambulatory Surgery
Male,1496,1353,1426,1317,VALLEY CHILDREN'S HOSPITAL #204019,Ambulatory Surgery
Male,740,795,803,793,VALLEY PRESBYTERIAN HOSPITAL #190812,Ambulatory Surgery
Male,720,719,726,749,VENTURA COUNTY MEDICAL CENTER #560481,Ambulatory Surgery
Male,1,3,1,1,VIBRA HOSPITAL OF SACRAMENTO #344035,Ambulatory Surgery
Male,83,61,74,81,VICTOR VALLEY GLOBAL MEDICAL CENTER #361370,Ambulatory Surgery
Male,276,274,289,254,"VISALIA CHILDREN'S DENTAL SURGERY CENTER, INC. #544082",Ambulatory Surgery
Male,413,402,387,421,WASHINGTON HOSPITAL - FREMONT #010987,Ambulatory Surgery
Male,430,429,384,355,WATSONVILLE COMMUNITY HOSPITAL #444013,Ambulatory Surgery
Male,6,6,12,10,WEST ANAHEIM MEDICAL CENTER #301379,Ambulatory Surgery
Male,192,175,184,185,WHITTIER HOSPITAL MEDICAL CENTER #190883,Ambulatory Surgery
Male,921,836,783,711,WOODLAND MEMORIAL HOSPITAL #571086,Ambulatory Surgery
Not Provided/Blank,0,0,1,0,COMMUNITY HOSPITAL OF THE MONTEREY PENINSULA #270744,Ambulatory Surgery
Not Provided/Blank,0,0,1,2,HOLLYWOOD PRESBYTERIAN MEDICAL CENTER #190382,Ambulatory Surgery
Not Provided/Blank,0,2,4,7,RONALD REAGAN UCLA MEDICAL CENTER #190796,Ambulatory Surgery
Not Provided/Blank,0,4,0,1,SANTA MONICA - UCLA MEDICAL CENTER AND ORTHOPAEDIC HOSPITAL #190687,Ambulatory Surgery
Unknown,2,1,3,0,ADVENTIST HEALTH BAKERSFIELD #150788,Ambulatory Surgery
Unknown,1,0,0,0,ADVENTIST HEALTH GLENDALE #190323,Ambulatory Surgery
Unknown,0,0,0,1,ADVENTIST HEALTH HANFORD #164029,Ambulatory Surgery
Unknown,0,1,0,0,ADVENTIST HEALTH LODI MEMORIAL #390923,Ambulatory Surgery
Unknown,0,1,0,1,ADVENTIST HEALTH ST. HELENA #281078,Ambulatory Surgery
Unknown,2,5,4,1,CEDARS-SINAI MEDICAL CENTER #190555,Ambulatory Surgery
Unknown,1,2,0,0,CHILDREN'S HOSPITAL OF ORANGE COUNTY #300032,Ambulatory Surgery
Unknown,0,1,0,1,COMMUNITY HOSPITAL OF THE MONTEREY PENINSULA #270744,Ambulatory Surgery
Unknown,0,1,0,0,COMMUNITY REGIONAL MEDICAL CENTER-FRESNO #100717,Ambulatory Surgery
Unknown,0,0,1,0,DESERT REGIONAL MEDICAL CENTER #331164,Ambulatory Surgery
Unknown,0,0,0,1,DOCTORS HOSPITAL OF MANTECA #392287,Ambulatory Surgery
Unknown,1,0,0,0,DOMINICAN HOSPITAL #440755,Ambulatory Surgery
Unknown,1,5,0,0,EISENHOWER MEDICAL CENTER #331168,Ambulatory Surgery
Unknown,0,1,0,0,EL CAMINO HEALTH #430763,Ambulatory Surgery
Unknown,1,0,0,1,ENLOE HEALTH #040962,Ambulatory Surgery
Unknown,1,0,0,0,FRENCH HOSPITAL MEDICAL CENTER #400480,Ambulatory Surgery
Unknown,0,0,0,1,FRESNO DENTAL SURGERY CENTER - A VALLARINE DENTAL PRACTICE #105047,Ambulatory Surgery
Unknown,0,0,2,1,GROSSMONT HOSPITAL #370714,Ambulatory Surgery
Unknown,0,1,0,0,HIGHLAND HOSPITAL #010846,Ambulatory Surgery
Unknown,0,0,0,1,HOLLYWOOD PRESBYTERIAN MEDICAL CENTER #190382,Ambulatory Surgery
Unknown,1,0,0,0,HUNTINGTON HOSPITAL #190400,Ambulatory Surgery
Unknown,1,0,0,1,KAISER FOUNDATION HOSPITAL & REHAB CENTER - VALLEJO #480989,Ambulatory Surgery
Unknown,0,0,0,1,KAISER FOUNDATION HOSPITAL - ANTIOCH  #074097,Ambulatory Surgery
Unknown,0,0,0,1,KAISER FOUNDATION HOSPITAL - FONTANA #361223,Ambulatory Surgery
Unknown,0,0,2,0,KAISER FOUNDATION HOSPITAL - FRESNO #104062,Ambulatory Surgery
Unknown,2,1,0,1,KAISER FOUNDATION HOSPITAL - LOS ANGELES #190429,Ambulatory Surgery
Unknown,0,1,0,1,KAISER FOUNDATION HOSPITAL - MANTECA #394009,Ambulatory Surgery
Unknown,0,0,1,0,KAISER FOUNDATION HOSPITAL - MORENO VALLEY #334048,Ambulatory Surgery
Unknown,5,3,5,0,KAISER FOUNDATION HOSPITAL - OAKLAND/RICHMOND #014326,Ambulatory Surgery
Unknown,0,1,1,1,KAISER FOUNDATION HOSPITAL - ORANGE COUNTY - ANAHEIM #304409,Ambulatory Surgery
Unknown,0,0,0,1,KAISER FOUNDATION HOSPITAL - PANORAMA CITY #190432,Ambulatory Surgery
Unknown,0,2,0,0,KAISER FOUNDATION HOSPITAL - FREMONT #014132,Ambulatory Surgery
Unknown,1,0,1,0,KAISER FOUNDATION HOSPITAL - REDWOOD CITY #414139,Ambulatory Surgery
Unknown,0,0,0,1,KAISER FOUNDATION HOSPITAL - RIVERSIDE #334025,Ambulatory Surgery
Unknown,0,1,1,2,KAISER FOUNDATION HOSPITAL - ROSEVILLE #314024,Ambulatory Surgery
Unknown,0,0,1,1,KAISER FOUNDATION HOSPITAL - SACRAMENTO #340913,Ambulatory Surgery
Unknown,1,1,3,0,KAISER FOUNDATION HOSPITAL - SAN DIEGO - ZION #370730,Ambulatory Surgery
Unknown,0,0,0,2,KAISER FOUNDATION HOSPITAL - SAN FRANCISCO #380857,Ambulatory Surgery
Unknown,0,0,2,0,KAISER FOUNDATION HOSPITAL - SAN JOSE #431506,Ambulatory Surgery
Unknown,1,1,2,0,KAISER FOUNDATION HOSPITAL - SAN LEANDRO #014337,Ambulatory Surgery
Unknown,1,0,1,0,KAISER FOUNDATION HOSPITAL - SAN MARCOS #370028,Ambulatory Surgery
Unknown,0,0,0,1,KAISER FOUNDATION HOSPITAL - SAN RAFAEL #210992,Ambulatory Surgery
Unknown,1,1,1,2,KAISER FOUNDATION HOSPITAL - SANTA CLARA #434153,Ambulatory Surgery
Unknown,1,0,3,2,KAISER FOUNDATION HOSPITAL - SANTA ROSA #494019,Ambulatory Surgery
Unknown,2,0,0,0,KAISER FOUNDATION HOSPITAL - SOUTH SACRAMENTO #342344,Ambulatory Surgery
Unknown,0,1,0,0,KAISER FOUNDATION HOSPITAL - SOUTH SAN FRANCISCO #410806,Ambulatory Surgery
Unknown,0,0,0,1,KAISER FOUNDATION HOSPITAL - VACAVILLE #484044,Ambulatory Surgery
Unknown,1,2,1,0,KAISER FOUNDATION HOSPITAL - WALNUT CREEK #070990,Ambulatory Surgery
Unknown,2,2,2,2,KAISER FOUNDATION HOSPITAL - WEST LA #190434,Ambulatory Surgery
Unknown,0,1,0,0,KAISER FOUNDATION HOSPITAL - WOODLAND HILLS #191450,Ambulatory Surgery
Unknown,0,0,2,0,KECK HOSPITAL OF USC #194219,Ambulatory Surgery
Unknown,0,0,0,1,LAC/HARBOR-UCLA MEDICAL CENTER #191227,Ambulatory Surgery
Unknown,0,0,1,0,LOMA LINDA UNIVERSITY MEDICAL CENTER #361246,Ambulatory Surgery
Unknown,1,0,0,0,LOS ANGELES COUNTY OLIVE VIEW-UCLA MEDICAL CENTER #191231,Ambulatory Surgery
Unknown,1,2,0,2,LOS ANGELES GENERAL MEDICAL CENTER #191228,Ambulatory Surgery
Unknown,1,0,1,0,LOS ROBLES HOSPITAL & MEDICAL CENTER #560492,Ambulatory Surgery
Unknown,1,0,0,0,LUCILE PACKARD CHILDREN'S HOSPITAL STANFORD #434040,Ambulatory Surgery
Unknown,0,0,1,1,MARIAN REGIONAL MEDICAL CENTER #420493,Ambulatory Surgery
Unknown,2,0,0,0,MARINHEALTH MEDICAL CENTER #211006,Ambulatory Surgery
Unknown,1,1,0,0,O'CONNOR HOSPITAL #430837,Ambulatory Surgery
Unknown,0,1,0,1,PIH HEALTH GOOD SAMARITAN HOSPITAL #190392,Ambulatory Surgery
Unknown,0,0,2,1,PIH HEALTH WHITTIER HOSPITAL #190631,Ambulatory Surgery
Unknown,2,1,0,0,PROVIDENCE LITTLE COMPANY OF MARY MEDICAL CENTER TORRANCE #190470,Ambulatory Surgery
Unknown,0,1,0,0,PROVIDENCE MISSION HOSPITAL #301262,Ambulatory Surgery
Unknown,1,0,0,0,PROVIDENCE SAINT JOSEPH MEDICAL CENTER #190758,Ambulatory Surgery
Unknown,1,0,0,0,PROVIDENCE ST. JOSEPH HOSPITAL #301340,Ambulatory Surgery
Unknown,0,0,1,0,PROVIDENCE ST. MARY MEDICAL CENTER #361343,Ambulatory Surgery
Unknown,3,3,1,1,RADY CHILDREN'S HOSPITAL - SAN DIEGO #370673,Ambulatory Surgery
Unknown,4,3,1,5,RONALD REAGAN UCLA MEDICAL CENTER #190796,Ambulatory Surgery
Unknown,0,1,0,1,SAINT JOHN'S HEALTH CENTER #190756,Ambulatory Surgery
Unknown,1,0,1,1,SAN ANTONIO REGIONAL HOSPITAL #361318,Ambulatory Surgery
Unknown,0,0,0,1,SAN RAMON REGIONAL MEDICAL CENTER #074017,Ambulatory Surgery
Unknown,0,0,1,0,SANTA BARBARA COTTAGE HOSPITAL #420514,Ambulatory Surgery
Unknown,2,0,1,0,SANTA CLARA VALLEY MEDICAL CENTER #430883,Ambulatory Surgery
Unknown,4,5,1,6,SANTA MONICA - UCLA MEDICAL CENTER AND ORTHOPAEDIC HOSPITAL #190687,Ambulatory Surgery
Unknown,1,0,2,0,SCRIPPS GREEN HOSPITAL #371256,Ambulatory Surgery
Unknown,2,3,0,1,SCRIPPS MEMORIAL HOSPITAL - LA JOLLA #370771,Ambulatory Surgery
Unknown,0,2,0,0,SCRIPPS MERCY HOSPITAL #370744,Ambulatory Surgery
Unknown,1,0,0,0,SHARP CHULA VISTA MEDICAL CENTER #370875,Ambulatory Surgery
Unknown,0,3,1,2,SHARP MEMORIAL HOSPITAL #370694,Ambulatory Surgery
Unknown,1,1,1,1,ST. AGNES MEDICAL CENTER #100899,Ambulatory Surgery
Unknown,4,6,6,2,STANFORD HEALTH CARE #430905,Ambulatory Surgery
Unknown,0,1,1,0,SURGECENTER OF PALO ALTO #431040,Ambulatory Surgery
Unknown,0,1,0,1,SUTTER SAMARITAN SURGERY CENTER #430021,Ambulatory Surgery
Unknown,1,0,0,0,THE SURGERY CENTER AT NORTHBAY VACAVALLEY #484068,Ambulatory Surgery
Unknown,0,0,2,0,TORRANCE MEMORIAL MEDICAL CENTER #190422,Ambulatory Surgery
Unknown,6,9,9,14,UC SAN DIEGO HEALTH HILLCREST - HILLCREST MEDICAL CENTER #370782,Ambulatory Surgery
Unknown,11,8,7,9,UCSF MEDICAL CENTER #381154,Ambulatory Surgery
Unknown,1,0,0,7,UNIVERSITY OF CALIFORNIA IRVINE MEDICAL CENTER #301279,Ambulatory Surgery
Unknown,0,1,0,0,VALLEY CHILDREN'S HOSPITAL #204019,Ambulatory Surgery
Unknown,1,0,0,0,VENTURA COUNTY MEDICAL CENTER #560481,Ambulatory Surgery
Unknown,0,1,0,0,WOODLAND MEMORIAL HOSPITAL #571086,Ambulatory Surgery
